[
    {
        "title": "fdi central europe determinant policy implication",
        "authors": "Richard C Torrisi",
        "year": "2008",
        "abstract": "fdi central europe determinant policy implication cinii research cinii 国立情報学 研究所 学術情報ナビゲータ サイニィ 詳細へ移動 検索フォームへ移動 大学 図書館の本をさがす 日本の博士論文をさがす english 検索 タイトル 所属機関 issn doi 期間 本文リンク 本文リンクあり データソース jalc irdb crossref datacite ndl ruda jdcat ninjal cinii article cinii book cinii dissertation dbpedia nikkei bp kaken integbio mdr pubmed lsdb archive 公共データカタログ ムーンショット型研究開発事業 すべて 研究データ 論文 本 博士論文 プロジェクト 2023年10月31日掲載 cinii dissertations及びcinii booksのcinii researchへの統合について への影響について fdi central europe determinant policy implication torrisi rc 作成者 収録刊行物 journal international finance economics journal international",
        "keywords": null,
        "url": "https://cir.nii.ac.jp/crid/1370848660759640200"
    },
    {
        "title": "spillover effect tax government debt spatial panel approach",
        "authors": "Katarzyna Kopczewska, Janusz Kudła, Konrad Walczyk, Robert Kruszewski, Agata Kocia",
        "year": "2016/5/3",
        "abstract": "claimed tax policy neither due tax base mobility induces spillover specifically fiscal shock one country supposed impact fiscal policy country different type tax influence economy differently address question impact government debt within framework spatial econometric modeling evaluate impact capital labor consumption tax public debt 34 european country find strong spatial spillover show consumption tax lesser degree capital tax significantly affect sovereign debt global relation play leading role dominate local one shaping fiscal policy",
        "keywords": null,
        "url": "https://www.tandfonline.com/doi/abs/10.1080/01442872.2016.1146246"
    },
    {
        "title": "interorganizational trust effectiveness perception collaborative service delivery network",
        "authors": "Krzysztof Opolski, Piotr Modzelewski, Agata Kocia",
        "year": "2019/9/24",
        "abstract": "present determinant trust light scientific literature trust governance network theoretical focus differentiation various type trust determinant nonprofit organization moreover idea network presented main attention given performance collaborative service delivery network basis theoretical longitudinal performed institution providing service homeless people warsaw poland period 2013 2017 2018 two cohort field questionnaire study conducted among employee 18 social welfare center sample based 18 warsaw district homeless shelter run nonprofit organization sample 19 22 respectively local government institution nonprofit organization comprised collaborative service delivery network research applied welfare center nonprofit organization ngo frontline management level employee interviewed statistically evaluated research conducted using questionnaire point time research showed perspective social welfare center interorganizational trust relation social welfare center nonprofit organization positively correlated perceived interorganizational effectiveness actor network measured possibility obtaining information promptness commitment completeness correctness document assessment",
        "keywords": null,
        "url": "https://www.mdpi.com/2071-1050/11/19/5217"
    },
    {
        "title": "fdi transition economy case poland",
        "authors": "C Richard Torrisi, Christian J Delaunay, Agata Kocia, Marta Lubieniecka",
        "year": "2009/7/1",
        "abstract": "examines determinant foreign direct investment fdi poland polish fdi experience since economic transition full market economy began late 1989 suggests various implication similar economy foreign investor using dynamic panel estimation tested dependency fdi poland number variable hungary slovak czech republic used panel estimate validates macroeconomic performance market size market growth relative strength u dollar trade openness host economy rather eu accession important factor fdi attractiveness additionally suggests tax reform tax cut incentive government consider attract fdi firm perspective suggests additional risk market entry via fdi acceptable decision maker host economy growing open trade tax reduced labor cost per se significant barrier fdi",
        "keywords": null,
        "url": "http://www.na-businesspress.com/JABE/TorrisiWeb.pdf"
    },
    {
        "title": "fdi poland determinant implication country transition",
        "authors": "C Richard Torrisi, Christian J Delaunay, Agata Kocia, Marta Lubieniecka",
        "year": "2007",
        "abstract": "examines determinant foreign direct investment fdi poland polish fdi experience since economic transition full market economy began late poland population 38 million fully liberalized market economy center europe recently full member become major recipient fdi inflow smaller emerging market analyzing success market fdi instructive relevant many country",
        "keywords": null,
        "url": "https://academicarchive.snhu.edu/bitstream/10474/1810/1/int_conference_001.pdf"
    },
    {
        "title": "new approach network public administration",
        "authors": "Krzysztof Opolski, Piotr Modzelewski, Agata Kocia",
        "year": "2013/8/1",
        "abstract": "journal applied business economics vol 14 5 2013 99 area qualitative research including fw scharpf 1978 wjm kickert klijn jfm koppenjan 1997 vazakidis karagiannis tsialta 2010 quantitative study present use managerial accounting aspect analyze public administration network phenomenon activity based costing balanced scorecard author propose theoretical based contemporary theory management well element balanced scorecard suitable public administration",
        "keywords": null,
        "url": "http://www.na-businesspress.com/JABE/opolski_abstract.html"
    },
    {
        "title": "latest change waste management legal economic",
        "authors": "Anna Żurawiecka, Agata Kocia",
        "year": "2019",
        "abstract": "author address topic latest change law regarding management segregation municipal waste analyze topic perspective legal economic effect change may bring aim article present polish waste management economy light legal regulation economic condition article also address challenge faced local government entrepreneur main stakeholder introduced change achieve research objective author used literature review field environmental protection law polish international level well economic reasoning conducted revealed implementing complex ambiguous lead deterioration environmental protection pose many challenge entity lacking appropriate resource capability meet imposed requirement article divided five part first two introduce reader current legal status field waste management obligation entail entrepreneur next part address topic upcoming legal change affect method waste segregation author explain upcoming change involve take remaining two part article include economic latest legal change well presentation city wrocław example entity transparently managing cost associated segregation",
        "keywords": null,
        "url": "https://cejsh.icm.edu.pl/cejsh/element/bwmeta1.element.desklight-cb18e5f0-d714-4f3a-b51d-5eee096a5ff2"
    },
    {
        "title": "optimal tax structure international competition condition simulation",
        "authors": "Janusz Kudła, Agata Kocia, Katarzyna Kopczewska, Robert Kruszewski, Konrad Walczyk",
        "year": "2013",
        "abstract": "address problem international tax competition coexistence capital labor consumption taxation allow possibility capital gain shifting abroad different level capital ownership basis optimal taxation condition derived generally case low given level tax consumption burden capital subsidized labor taxed positively exclude subsidy capital taxation labor becomes sensitive size consumption tax level international income shifting",
        "keywords": null,
        "url": "https://scholar.google.com/scholar?cluster=9414361255015697229&hl=en&oi=scholarr"
    },
    {
        "title": "pfsa institutional framework dynamic financial market",
        "authors": "Agata Kocia, Grazyna Szymanska",
        "year": "2012/4/1",
        "abstract": "present theoretical debate academic community ongoing concerning structure aim centralised supervisory office argument favour merger individual sector supervisor create mega institution also article presented add debate presenting empirical approach aimed comparing two polish pfsa german bafin goal work compare contrast institution note difference seemingly similar supervisory structure article begin theoretical explanation important term concept related subject financial supervision next describe present day structure aim economic environment polish pfsa german bafin following section dedicated comparison contrast peripheral supervisor activity final section dedicated drawing final conclusion",
        "keywords": null,
        "url": "http://www.na-businesspress.com/JABE/kocia_abstract.html"
    },
    {
        "title": "optimal fiscal policy open economy capital income shifting consumer purchase",
        "authors": "Janusz Kudła, Agata Kocia, Katarzyna Kopczewska, Robert Kruszewski, Konrad Walczyk",
        "year": "2015",
        "abstract": "present fiscal policy integrating tax avoidance complexity tax system fiscal solvency hypothesis within traditional framework tax competition furthermore take account taxation consumption possibility capital income shifting foreign good purchase untaxed destination country conclude fiscal policy mean unfettered equilibrium allocation efficient provided marginal rate substitution private public good one change public debt affect tax rate equilibrium differently positively consumption tax rate negatively labor tax rate change capital tax depends level economic internalization approach especially useful solvency crisis applied predict tax rate adjustment bond issuance decrease public debt accelerates",
        "keywords": null,
        "url": "https://bibliotekanauki.pl/articles/517186.pdf"
    },
    {
        "title": "tax system factor attracting investment european union member country",
        "authors": "Agata Kocia",
        "year": "2009/1/1",
        "abstract": "work discusses relationship among institutional tax competition economic theory investment attractiveness location enterprise european union tax competition literature well developed value added text intertwine institutional economics mainstream economics explain mechanism tax system competition impact economy begin discussion economic theory progress presentation historical current tax system eu member country end author show impact tax system competition economic growth",
        "keywords": null,
        "url": "https://www.dbc.wroc.pl/Content/6012/PDF/Kocia_Tax_System_As_A_Factor_Attracting_Investment_2009.pdf"
    },
    {
        "title": "governance network polish healthcare",
        "authors": "Agata Kocia",
        "year": "2020",
        "abstract": "article undertakes current topic healthcare management reform poland proposed modification system organized governance network number interdependent actor article present network structure actor well analysis power relation strength dependency effectiveness author belief new structure beneficial patient particularly financial healthcare ratio effectiveness measure",
        "keywords": null,
        "url": "https://www.researchgate.net/profile/Agata-Kocia-2/publication/346349168_Governance_Network_in_Polish_Healthcare/links/64fb349d3449310eb9b71ae1/Governance-Network-in-Polish-Healthcare.pdf"
    },
    {
        "title": "dynamic fiscal solvency consumption capital tax",
        "authors": "Janusz Kudła, Katarzyna Kopczewska, Agata Kocia, Robert Kruszewski, Konrad Walczyk",
        "year": "2018",
        "abstract": "finance public expenditure government need raise revenue mainly come tax borrowing financial crisis however financing budget deficit particularly difficult rise debt servicing cost crowd expense raise concern government solvency extreme case government constrained tax borrowing opportunity strictly limited unavailable still government choose tax menu option income consumption tax given flexibility tax mix article present dynamic fiscal solvency show equilibrium revenue maximising government obtain reasonable tax rate capital income shifted constraint consumption tax specifically solution predicts positive level bond equilibrium tax rate dependent positively abundance tax base",
        "keywords": null,
        "url": "https://sciendo.com/article/10.1515/ceej-2018-0013"
    },
    {
        "title": "dynamic fiscal solvency comparative dynamic",
        "authors": "Robert Kruszewski, Janusz Kudła, Konrad Walczyk, Katarzyna Kopczewska, Agata Kocia",
        "year": "2014/10/15",
        "abstract": "tax revenue issuance debt interdependent government afraid becoming insolvent therefore tax policy involving adjustment capital taxation taxation explicit consumption issuance bond ensures solvency hamper capital tax competition applying dynamic capital consumption taxation revenue maximizing government obtain equilibrium reasonable tax rate equilibrium solution fulfills simple solvency constraint imposed bond issuance take account possibility capital income shifting limited taxation consumption two tax rate level capital consumption driven capital income shifting parameter explicit consumption intertemporal preference interdependence equilibrium variable selected parameter provided numerical simulation well behavior variable time change equilibrium parameter solution predicts positive level bond equilibrium taxation rate positively dependent abundance tax base latter strongly affected value income shifting parameter explicit consumption parameter",
        "keywords": null,
        "url": "https://papers.ssrn.com/sol3/papers.cfm?abstract_id=2510543"
    },
    {
        "title": "fiscal system competition hypothesis empirical result",
        "authors": "Agata Kocia",
        "year": "2008",
        "abstract": "aim article unravel simplify vast complex literature subject tax fiscal competition end four famous useful model tiebout hypothesis leviathan federal model tiebout pioneered subject research concluding tax competition provides beneficial economic effect result upheld originator leviathan hypothesis brennan buchanan viewpoint political economy year later zodrow mieszkowski contradicted earlier finding concluding tax competition may lead provision public inefficient allocation scarce resource finally federal string tax competition literature exemplified article work feld kirchgassner schaltegger return beginning provide support positive effect competition economic growth empirical literature subject competition taxation even diverse various author tried test hypothesis different result found increased tax competition lead positive result whereas others found inverse relation study important note sample tested well variable used result depend",
        "keywords": null,
        "url": "https://dbc.wroc.pl/dlibra/publication/44698/edition/40111/content?&ref=struct&meta-lang=pl"
    },
    {
        "title": "communication transmitter trust healthcare network pandemic",
        "authors": "Agata Kocia",
        "year": "2024/2/29",
        "abstract": "notion article evolved governance network performance healthcare system example governance network complex system relation aimed satisfying societal healthcare need past year healthcare system poland undergone many change focused structure financing article address issue communication trust among healthcare institutional provider healthcare authority research conducted 2020 midst pandemic one hospital poland research question communication affect trust led development questionnaire attempting assess relation healthcare network used quantitative namely linear regression run dependent variable trust add valuable",
        "keywords": null,
        "url": "https://link.springer.com/article/10.1007/s13132-024-01888-y"
    },
    {
        "title": "greek collapse possible poland",
        "authors": "Agata Kocia, Marzena Maselewska",
        "year": "2012/5/1",
        "abstract": "aim article compare economy greece poland considering path development last twenty year author pointed many difference although found similarity well greece greatly touched crisis poland last two year given example country survived crisis question concealed economic problem crisis imminent author also attempt give useful solution implemented order avoid greek fate",
        "keywords": null,
        "url": "http://www.na-businesspress.com/JMDC/kocia_abstract.html"
    },
    {
        "title": "selected aspect accounting impact effectiveness modern organization",
        "authors": "Agata Kocia, Marzena Maselewska",
        "year": "2012/3/1",
        "abstract": "late 2000s poland experienced downturn period economic spur company industry began undertake investment preparation economic expansion author intertwined investment cycle three producing company accounting information aim analyze investment undertaken disclosed financial statement impact financial position enterprise investment management company conclusion suggest company apply financial statement uniformly transparent area investment management",
        "keywords": null,
        "url": "http://www.na-businesspress.com/JAF/kocia_abstract.html"
    },
    {
        "title": "poverty poland using hazard model",
        "authors": "Natalia Nehrebecka, Agata Kocia",
        "year": "2009",
        "abstract": "work size character poverty poland studied based panel cher consortium household panel european research database year analysis shown low household dynamic income period sum year spent poverty well different sequence entry exit poverty suggest permanence phenomenon population period studied basis calculation number year spent poverty rate exit entry poverty calculation made using method analyzing poverty based hazard model considering observed unobserved heterogeneity individual order explain chance exit return sphere poverty",
        "keywords": null,
        "url": "http://www.wne.uw.edu.pl/inf/wyd/WP/WNE_WP19.pdf"
    }
]