[
    {
        "title": "control corruption international investment economic panel",
        "authors": "Andrzej Cieślik, Łukasz Goczek",
        "year": "2018/3/1",
        "abstract": "effect corruption using open economy version endogenous growth international capital mobility particular predicts corruption negatively affect stock international investment host country addition predicts growth impaired uncertainty caused corruption bribe unlike tax involve unpredictable distortion discretionary uncertain use government power result additional cost business alongside resource allocated unproductive activity impose extra burden economy test empirically prediction theory using sample 142 country period gmm method using indicator control corruption world bank lack corruption found positive statistically significant growth",
        "keywords": null,
        "url": "https://www.sciencedirect.com/science/article/pii/S0305750X15312705"
    },
    {
        "title": "telecommunication infrastructure regional economic development case poland",
        "authors": "Andrzej Cieślik, Magdalena Kaniewska",
        "year": "2004/8/1",
        "abstract": "2004 telecommunication infrastructure regional economic development case poland regional study 38 develop theoretical establishes link telecommunication infrastructure regional level income relationship subsequently tested using polish regional panel 1990s empirical result confirm exists positive statistically significant causal relationship telecommunication infrastructure income regional level causality running telecommunication income telecommunication policy viewed important part regional policy aimed reducing spatial income disparity poland expect eu enlargement harmonization polish telecommunication law eu regulation contribute even regional",
        "keywords": null,
        "url": "https://www.tandfonline.com/doi/abs/10.1080/003434042000240996"
    },
    {
        "title": "geography foreign investment",
        "authors": "A Cieślik",
        "year": "2005",
        "abstract": null,
        "keywords": null,
        "url": "https://scholar.google.com/citations?view_op=view_citation&hl=pl&user=vgzkd9IAAAAJ&citation_for_view=vgzkd9IAAAAJ:WF5omc3nYNoC"
    },
    {
        "title": "new theory international trade light empirical research",
        "authors": "Andrzej Cieślik",
        "year": "2000",
        "abstract": null,
        "keywords": null,
        "url": "https://scholar.google.com/scholar?cluster=14852156892804579632&hl=en&oi=scholarr"
    },
    {
        "title": "regional characteristic location foreign firm within poland",
        "authors": "Andrzej Cieślik",
        "year": "2005/5/10",
        "abstract": "article investigates location determinant firm foreign capital participation within poland using regional set 1993 found concentration foreign economic activity positively related industry service agglomeration road network negatively unemployment rate traditional regional characteristic gdp wage rate education often regarded important location determinant robust respect specification estimating equation special economic zone variable found statistically significant specification estimated geographic location dummy confirm foreign firm prefer central region eastern part poland controlled characteristic",
        "keywords": null,
        "url": "https://www.tandfonline.com/doi/abs/10.1080/00036840500061087"
    },
    {
        "title": "location foreign firm national border effect case poland",
        "authors": "Andrzej Cieślik",
        "year": "2005/7/1",
        "abstract": "investigates importance border effect location foreign firm within poland using regional set 1990s contrast previous study border effect estimated individual neighbouring country belong two group eu member country eu country shown border dummy three eu country belarus russia ukraine negative statistically significant result suggest region located along polish segment eastern frontier enlarged european union less attractive foreign investor compared polish region controlled economic social characteristic finding important implication conduct regional policy public aid special economic status may necessary disadvantaged region prevent uneven regional",
        "keywords": null,
        "url": "https://onlinelibrary.wiley.com/doi/abs/10.1111/j.1467-9663.2005.00460.x"
    },
    {
        "title": "explaining japanese direct investment flow enlarged europe comparison gravity economic potential approach",
        "authors": "Andrzej Cieślik, Michael Ryan",
        "year": "2004/3/1",
        "abstract": "employ gravity economic potential framework explain japanese direct investment flow eu eu candidate country empirical result suggest allowing individual country heterogeneity japanese firm locate country high economic potential suggesting economic potential framework general gravity preferred framework investment flow analyzed furthermore central eastern european country entry eu already taken account japanese investor country expect increased fdi inflow entry actually occurs japanese int economies18 1 2004",
        "keywords": null,
        "url": "https://www.sciencedirect.com/science/article/pii/S0889158303000807"
    },
    {
        "title": "wage wage growth poland role foreign direct investment",
        "authors": "Arjun S Bedi, Andrzej Cielik",
        "year": "2002",
        "abstract": "recent year poland received substantial inflow foreign direct investment combine detailed labour market industry polish manufacturing sector examine effect foreign direct investment inflow wage wage growth empirical evidence assemble suggests worker industry greater foreign presence enjoy higher wage higher wage growth appears robust variety empirical approach estimation technique specification check jel classification f23 j31 019 p33",
        "keywords": null,
        "url": "https://onlinelibrary.wiley.com/doi/abs/10.1111/1468-0351.00101"
    },
    {
        "title": "bilateral trade volume gravity equation factor proportion",
        "authors": "Andrzej Cieślik",
        "year": "2009/3/1",
        "abstract": "gravity equation widely used studying determinant bilateral trade flow despite dubious theoretical foundation gravity model extremely successful empirically theoretical attempt provide formal justification gravity equation assume complete specialization production lead misleading impression complete specialization necessary condition deriving gravity equation demonstrate formally gravity equation derived also variety incomplete specialization model based neoclassical monopolistic competition assumption common prediction emerges model factor proportion variable along country size variable play key role determination bilateral trade volume however impact specific neglect variable",
        "keywords": null,
        "url": "https://www.tandfonline.com/doi/abs/10.1080/09638190902757400"
    },
    {
        "title": "assessing impact trade liberalization mena country",
        "authors": "Andrzej Cieślik, Jan Hagemejer",
        "year": "2009/6/1",
        "abstract": "barcelona conference 1995 set ambitious goal creating free trade area euromed would include european union mena country intermediate step towards building euromed involved bilateral vertical trade liberalization eu particular mena country well horizontal trade liberalization among evaluate empirically effect new eu association agreement mena country using augmented gravity equation derived variety neoclassical new trade theory model panel period find agreement increased significantly import mena country eu positive impact export eu attributed asymmetry trade liberalization",
        "keywords": null,
        "url": "https://www.jstor.org/stable/23000884"
    },
    {
        "title": "determinant outward fdi emerging economy",
        "authors": "Andrzej Cieślik, Giang Hien Tran",
        "year": "2019/6/30",
        "abstract": "research background last four decade witnessed upsurge emerging market alongside narrowed gap growth prospect developed emerging economy unctad statistic show fdi flow emerging economy gone steady since 1980 occupied one fifth global fdi stock japan led reverse fdi trend started invest abroad 1960s 1970s two decade later reverse fdi trend continued asian tiger recently economy southeast asia well china india east south asia purpose article main goal contribute empirically determinant fdi outflow emerging economy method order derive empirically testable hypothesis refers",
        "keywords": null,
        "url": "https://www.ceeol.com/search/article-detail?id=898927"
    },
    {
        "title": "abundant natural resource amplify negative impact income inequality economic growth",
        "authors": "Ugochukwu Michael Anyanwu, Amarachukwu Anthony Anyanwu, Andrzej Cieślik",
        "year": "2021/12/1",
        "abstract": "prevailing research suggest inequality negative impact economic growth hypothesize country abundant natural resource stand suffer income inequality using system generalized method moment gmm dynamic panel estimation method set period compare relationship inequality economic growth resource abundant country result confirm negative impact income inequality economic growth amplified country endowed abundant natural resource therefore propose reducing income inequality could mitigate detrimental impact resource abundance economic growth",
        "keywords": null,
        "url": "https://www.sciencedirect.com/science/article/pii/S0301420721002403"
    },
    {
        "title": "intraindustry trade relative factor endowment",
        "authors": "Andrzej Cieślik",
        "year": "2005/11",
        "abstract": "article investigates relationship relative factor endowment intraindustry trade share bilateral trade flow helpman krugman theoretical framework predicts negative relationship empirical study often report contrary result however argue previous empirical study fail provide exact link theory new empirical evidence based estimating equation derived directly theoretical framework demonstrates theory find support sum ratio controlled",
        "keywords": null,
        "url": "https://onlinelibrary.wiley.com/doi/abs/10.1111/j.1467-9396.2005.00544.x"
    },
    {
        "title": "location determinant japanese multinationals poland special economic zone really matter investment decision",
        "authors": "Andrzej Cieślik, Michael Ryan",
        "year": "2005/9/1",
        "abstract": "investigate location determinant japanese multinationals poland using regional set 1991 special attention placed geographically targeted investment incentive special economic zone sezs created period controlling comprehensive set characteristic previously employed evaluate sez importance find result broadly consistent previous fdi location choice study however unlike study sez measure statistical significance disappears control number additional regional characteristic",
        "keywords": null,
        "url": "https://www.jstor.org/stable/23000639"
    },
    {
        "title": "influence firm characteristic export performance central eastern europe comparison visegrad baltic caucasus state",
        "authors": "Andrzej Cieślik, Jan Michałek, Anna Michałek",
        "year": "2014/3/30",
        "abstract": "determinant export performance three group country visegrad baltic andcaucasus country analytical framework refers recent strand new trade theory literature based melitz 2003 stress importance firm productivity entering export market empirical implementation theoretical framework based probit beep set empirical result confirm importance firm characteristic export performance cee country also heterogeneity different country group within region reported export competitiveness firm cee country improved development modern educational system allowing accelerate accumulation human capital financial support research",
        "keywords": null,
        "url": "https://www.ceeol.com/search/article-detail?id=67766"
    },
    {
        "title": "determinant export performance comparison central european baltic firm",
        "authors": "Andrzej Cieślik, Anna Michałek, Jan Jakub Michałek, Jerzy Mycielski",
        "year": "2015/5/1",
        "abstract": "following new strand new trade theory literature focusing firm heterogeneity investigate determinant firm export performance three baltic state four central european country cecs start estimating probit regression pooled datasets include two group country disaggregate sample particular country cover estonia latvia lithuania czech republic hungary poland slovakia based beep collected three year 2002 2005 estimation result obtained baltic cecs indicate probability exporting positively related level productivity firm size share graduate productive employment internationalization firm result obtained two group country statistically different",
        "keywords": null,
        "url": "https://search.ebscohost.com/login.aspx?direct=true&profile=ehost&scope=site&authtype=crawler&jrnl=00151920&AN=103182217&h=r%2BrPAKiXRi3PtZh74fqGAhma6wobSo5ZpCf7lylB5BjRseop%2FAusaM6B8uIk6G0jYkC671ueGS2u%2FAvuSzh51A%3D%3D&crl=c"
    },
    {
        "title": "relative productivity country size export diversification",
        "authors": "Andrzej Cieślik, Aleksandra Parteka",
        "year": "2021/6/1",
        "abstract": "analysis effect productivity country size extent trade structure diversification using testable version ricardian show relative export variety outcome two force relative productivity change technological progress relative country size change labour force growth prediction validated empirically using trade sample 132 country including 53 country find robust positive relationship export variety country relative productivity well negative relationship export variety expansion foreign economy growth row technology difference export variety driving diversification especially beginning development process result robust change measurement export",
        "keywords": null,
        "url": "https://www.sciencedirect.com/science/article/pii/S0954349X21000023"
    },
    {
        "title": "forecast trade effect poland accession european monetary union using generalized gravity",
        "authors": "Andrzej Cieślik, Jan J Michałek, Jerzy Mycielski",
        "year": "2009",
        "abstract": "article analyzes trade effect poland accession eurozone using generalized gravity panel current eurozone member nearly 100 country eurozone country conduct trade used estimate parameter full list analyzed country presented nbp 2009 forecast change trade volume poland consists two element first estimate exchange rate stabilization euro using group central eastern european cee country pegged currency euro second element estimate obtained examining impact joining eurozone includes eliminating exchange rate fluctuation impact institutional change associated joining eurozone result suggest immediately joining eurozone poland export increase 12 gradually fade",
        "keywords": null,
        "url": "http://bankandcredit.nbp.pl/content/2009/01/bik_01_2009_03_art.pdf"
    },
    {
        "title": "effectiveness preferential trade liberalization central eastern europe",
        "authors": "Andrzej Cieślik, Jan Hagemejer",
        "year": "2011/11/1",
        "abstract": "collapse communism central eastern europe cee many country region radically liberalized foreign trade regime 1990s particular preferential trade liberalization cee country promoted european union form association agreement involved vertical trade liberalization eu country central eastern europe addition cee country liberalized trade horizontally among form bilateral free trade agreement article use generalized gravity equation estimated bilateral trade ten cee country period evaluate effectiveness preferential trade liberalization central eastern europe find form preferential trade liberalization positively contributed expansion trade cee",
        "keywords": null,
        "url": "https://www.tandfonline.com/doi/abs/10.1080/08853908.2011.604298"
    },
    {
        "title": "determinant foreign direct investment oecd country poland",
        "authors": "Andrzej Cieślik",
        "year": "2020/3",
        "abstract": "last two decade poland became important recipient foreign direct investment come developed west european country us panel empirically examine determinant multinational activity firm oecd member state poland period estimated empirical specification based modified multinational enterprise includes two type capital human physical empirical evidence point vertical motive primary reason undertaking foreign direct investment poland multinational firm based oecd member state",
        "keywords": null,
        "url": "https://link.springer.com/article/10.1007/s40822-019-00136-y"
    }
]