[
    {
        "title": "characterization human cox17",
        "authors": "Lucia Banci, Ivano Bertini, Simone Ciofi-Baffoni, Anna Janicka, Manuele Martinelli, Henryk Kozlowski, Peep Palumaa",
        "year": "2008/3/21",
        "abstract": "human cox17 key mitochondrial copper chaperone responsible supplying copper ion assistance sco1 sco2 cox11 cytochrome c oxidase terminal enzyme mitochondrial energy transducing respiratory chain structural dynamical characterization human cox17 various functional metallated redox state presented nmr solution structure partially oxidized cox17 consists coiled domain stabilized two disulfide bond involving preceded flexible completely unstructured tail human cu copper ion coordinated sulfur cys22 cys23 first example binding motif copper protein copper binding well formation third disulfide involving cys22 cys23 cause",
        "keywords": null,
        "url": "https://www.jbc.org/article/S0021-9258(20)55181-8/abstract"
    },
    {
        "title": "structural dynamic characterization copper ii binding human prion protein outside octarepeat region",
        "authors": "Francesco Berti, Elena Gaggelli, Remo Guerrini, Anna Janicka, Henryk Kozlowski, Anna Legowska, Hanna Miecznikowska, Caterina Migliorini, Rebecca Pogni, Maurizio Remelli, Krzysztof Rolka, Daniela Valensin, Gianni Valensin",
        "year": "2007/2/23",
        "abstract": "human prion protein hprp fragment encompassing region namely sp1 sp2 lp1 lp2 considered delineation site nmr epr spectroscopy result obtained lp1 lp2 compared obtained sp1 sp2 coexistence two binding site one centered his96 his111 evidenced ratified esi mass spectrometry low high metal peptide ratio nmr spectroscopy consistent binding site centered his111 approximately fourfold stronger centered his96 epr spectroscopy result yielded evidence opposite trend disagreement also occurred literature clarified molecular dynamic run",
        "keywords": null,
        "url": "https://chemistry-europe.onlinelibrary.wiley.com/doi/abs/10.1002/chem.200601225"
    },
    {
        "title": "necessity recycling waste battery used electric vehicle object posing threat human health environment",
        "authors": "Agnieszka Sobianowska-Turek, Weronika Urbańska, Anna Janicka, Maciej Zawiślak, Jędrzej Matla",
        "year": "2021/6/1",
        "abstract": "automotive industry one sector modern economy growing customer expectation implementing solution related electromobility increasingly stringent legal restriction field environmental protection determine development innovative technology field car production power modern vehicle include electric hybrid car package various type cell used number constantly growing use battery due complex chemical composition constitute hazardous waste difficult manage must recycled modern technological line article present morphological characteristic currently used type cell threat safety people environment may occur event improper use battery accumulator identified described basis regulation european parliament council ec 16 december 2008 18 december 2006 classification labeling packaging substance mixture registration evaluation authorization restriction chemical reach establishing european chemical agency",
        "keywords": null,
        "url": "https://www.mdpi.com/2313-4321/6/2/35"
    },
    {
        "title": "identification novel high affinity copper binding site app fragment amyloid precursor protein",
        "authors": "Daniela Valensin, Francesca Maria Mancini, Marek Łuczkowski, Anna Janicka, Kornelia Wiśniewska, Elena Gaggelli, Gianni Valensin, Leszek Łankiewicz, Henryk Kozlowski",
        "year": "2004",
        "abstract": "copper ii binding feature app app fragment amyloid precursor protein studied nmr spectroscopy nmr finding supported cd epr spectrum potentiometric measurement performed soluble peptide fragment following shown imidazole ring three residue involved metal coordination ii metal binding induces ionisation amide nitrogen complete donor set copper ii specie dominant neutral ph iii unusual coordination scheme consensus sequence justifies high specificity cu ii compared",
        "keywords": null,
        "url": "https://pubs.rsc.org/en/content/articlehtml/2004/dt/b312411h"
    },
    {
        "title": "combustion emission characteristic turbine engine fueled hefa blend different feedstock",
        "authors": "Bartosz Gawron, Tomasz Białecki, Anna Janicka, Tomasz Suchocki",
        "year": "2020/3/10",
        "abstract": "next decade due desire significant reduction carbon footprint left aviation sector development sustainable alternative petroleum fuel renewable source play increasing role propellant turbine aircraft engine currently apart five type jet fuel containing synthesized hydrocarbon certified astm d7566 standard yet another synthetic blending component stage testing certification hydroprocessed ester fatty acid enable production synthetic component jet fuel form native fat oil used feedstock affect final synthetic blending component composition consequently property blend jet fuel result operation turbine engine specialized laboratory test rig miniature turbojet engine used research interesting alternative complex expensive test full scale turbine engine result revealed difference parameter engine performance emission characteristic tested fuel synthetic blending component neat jet fuel synthetic blending component obtained two different feedstock noticeable change obtained fuel consumption co nox emission addition hydroprocessed ester fatty acid hefa component fuel consumption co emission decrease opposite trend observed nox emission test presented article continuation author research area related alternative fuel aviation",
        "keywords": null,
        "url": "https://www.mdpi.com/1996-1073/13/5/1277"
    },
    {
        "title": "exhaust toxicity evaluation gas turbine engine fueled aviation fuel containing synthesized hydrocarbon",
        "authors": "Bartosz Gawron, Tomasz Białecki, Anna Janicka, Maciej Zawiślak, Aleksander Górniak",
        "year": "2020/1/13",
        "abstract": "purpose purpose examine toxicological impact exhaust generated combustion process aviation fuel containing synthesized hydrocarbon test aircraft turbine engine full scale complex expensive therefore miniature turbojet engine used source exhaust gas toxicity tested using innovative cell method consists determination real toxic impact exhaust gas human lung a549 mouse l929 cell research comparative nature engine powered conventional jet fuel blend conventional jet fuel synthesized hydrocarbon finding result show method allows determination real exhaust toxicity combustion process turbine engine addition synthetic",
        "keywords": null,
        "url": "https://www.emerald.com/insight/content/doi/10.1108/AEAT-11-2018-0277/full/html"
    },
    {
        "title": "comparative pentanol c5 alcohol kerosene blend term gas turbine engine performance exhaust gas emission",
        "authors": "Tomasz Suchocki, Paweł Kazimierski, Piotr Lampart, Katarzyna Januszewicz, T Białecki, Bartosz Gawron, A Janicka",
        "year": "2023/2/15",
        "abstract": "growing demand sustainable clean energy source provides incentive development alternative fuel simultaneously development gas turbine technology flexible fuel supply system enables use alternative fuel play key role contributing global effort meeting emission target present current state knowledge production potential use pentanol c5 alcohol diesel engine gas turbine combustion performance jet engine supplied mixture pentanol aviation kerosene evaluated result compared kerosene mixture biofuels propanol c3 alcohol butanol c4 alcohol investigated liquid biofuel alternative showed potential reducing regulated emission nox average 40 co average 25",
        "keywords": null,
        "url": "https://www.sciencedirect.com/science/article/pii/S0016236122035657"
    },
    {
        "title": "interaction domain prion protein peptide",
        "authors": "Maurizio Remelli, Martina Donatoni, Remo Guerrini, Anna Janicka, Pierluigi Pretegiani, Henryk Kozłowski",
        "year": "2005",
        "abstract": "prion disease characterized structural modification regular prion protein prpc isoform termed prpsc scrapie modification involves secondary tertiary structure protein amino acidic sequence remains unchanged prpsc almost insoluble solvent resistant protease loses redox activity prpc able bind copper metal ion complex suggested play important role protein refolding leading prpsc least one relatively strong site located domain two residue 96 111 present however domain amino acidic residue bear potentially donating atom met asn lys residue order shed light role side chain potentially tridentate amino acid copper complexation",
        "keywords": null,
        "url": "https://pubs.rsc.org/en/content/articlehtml/2005/dt/b505314e"
    },
    {
        "title": "innovative method exhaust gas toxicity evaluation miniature turbojet engine",
        "authors": "Bartosz Gawron, Tomasz Białecki, Anna Janicka, Aleksander Górniak, Maciej Zawiślak",
        "year": "2017/10/2",
        "abstract": "purpose purpose present assessment method toxicity emission evaluation combustion miniature turbojet engine turbojet engine used research measurement real aircraft turbine complex expensive experiment performed accordance innovative bat cell bio ambient cell method consists determination virtual toxic impact gas mixture living cell therefore direct method significant innovation method test consists exposing cell gas mixture cell deprived culture fluid finding preliminary show method used allows determine virtual impact gas human respiratory system skin could useful defining arduousness",
        "keywords": null,
        "url": "https://www.emerald.com/insight/content/doi/10.1108/AEAT-06-2016-0091/full/html"
    },
    {
        "title": "assessment toxicity microatmosphere inside vehicle",
        "authors": "Anna Janicka",
        "year": "2013",
        "abstract": null,
        "keywords": null,
        "url": "https://scholar.google.com/scholar?cluster=17135458216699732262&hl=en&oi=scholarr"
    },
    {
        "title": "exhaust toxicity investigation turbojet engine fed conventional biofuel performed aid method",
        "authors": "Anna Janicka, Maciej Zawiślak, Ewa Zaczyńska, Anna Czarny, Aleksander Górniak, Bartosz Gawron, Tomasz Białecki",
        "year": "2017/10/20",
        "abstract": "purpose aim develop new exposure technique testing toxicity engine exhaust innovative mobile system intended provide condition cell interaction direct contact exhaust gas without influence cell culture medium method cytotoxicity investigated using human a549 lung cell mouse l929 cell system used allowing exposure cell sample minimal layer culture medium hence providing direct response cell gaseous mixture",
        "keywords": null,
        "url": "https://scholar.google.com/scholar?cluster=15020036456245204261&hl=en&oi=scholarr"
    },
    {
        "title": "impact car vehicle class volatile organic compound voc concentration microatmosphere car cabin",
        "authors": "Anna Barbara Janicka, Marek Reksa, Agnieszka Sobianowska-Turek",
        "year": "2010",
        "abstract": "inner atmosphere car vehicle became one important environment human life many element inside car cabin potential source volatile organic compound voc hazardous human health proved estimate quality indoor air car qualitative hydrocarbon important considering fact substance ie benzene acetone xylene isomer despite low concentration level characterize toxic carcinogenic property significant impact voc concentration vehicle cabin equipment quality applied material internal source pollution element cabin equipment textile foam plastic material solvent glue paint lacquer car cosmetic external source pollution pollutant emitted environment gas phase mobile static source present result research aim qualitative quantitative voc concentration inside various class car vehicle cabin research done emission research laboratory division motor vehicle internal combustion engine done according european standard en iso 2006 gas chromatograph varian 450 gc equipped capillary column detector fid",
        "keywords": null,
        "url": "https://yadda.icm.edu.pl/baztech/element/bwmeta1.element.baztech-article-BUJ7-0017-0068"
    },
    {
        "title": "method toxicity estimation gaseous mixture emitted different emission source",
        "authors": "A Janicka",
        "year": "2012",
        "abstract": null,
        "keywords": null,
        "url": "https://scholar.google.com/scholar?cluster=5297173008608092043&hl=en&oi=scholarr"
    },
    {
        "title": "photocatalysis method reduction ambient nox deep underground mine",
        "authors": "Aleksandra Banasiewicz, Anna Janicka, Anna Michalak, Radosław Włostowski",
        "year": "2022/8/15",
        "abstract": "air pollution critical global issue restriction emission harmful gas carbon monoxide nitrogen oxide nox posing growing challenge various industry problem also affect underground mining sector case entire fleet powered diesel engine therefore important order improve health safety underground miner develop appropriate method reduce exposure underground miner harmful gas particulate investigated effectiveness photocatalysis method reduce concentration nitrogen oxide underground copper mine poland based laboratory measurement using avl gas pems gas analyzer number experiment carried result obtained subjected statistical fitting appropriate",
        "keywords": null,
        "url": "https://www.sciencedirect.com/science/article/pii/S0263224122006790"
    },
    {
        "title": "assessment actual toxicity engine exhaust gas emission euro 3 euro 6 compliant vehicle method using vitro test",
        "authors": "Aleksandra Kęska, Anna Janicka, Maciej Zawiślak, Justyna Molska, Radosław Włostowski, Adriana Włóka, Joanna Świeściak, Kacper Ostrowski",
        "year": "2022/10/29",
        "abstract": "legal restriction vehicle engine exhaust gas emission control always go hand hand actual reduction emission toxin atmosphere moreover method currently used measure exhaust gas emission give unambiguous result impact tested gas living organism method used assess actual toxicity gas using vitro test take account synergistic interaction individual component mixture gas without need know qualitative quantitative composition allows determination actual toxicity gas composition using method exhaust gas passenger vehicle equipped engine complying euro 3 euro 6 emission standard tested result toxicological test correlated result chromatographic shown diverse qualitative composition mixture hydrocarbon determining exhaust gas toxicity may decrease percentage value cell survival additionally proven average survival cell exposure exhaust gas tested vehicle meeting restrictive euro 6 standard lower vehicle meeting euro 3 standard thus indicating higher toxicity exhaust gas newer vehicle",
        "keywords": null,
        "url": "https://www.mdpi.com/1660-4601/19/21/14138"
    },
    {
        "title": "evaluation toxicity hydrocarbon emitted euro 3 euro 6 vehicle idle condition mean equivalent toxicity coefficient",
        "authors": "Aleksandra Kęska, Anna Janicka",
        "year": "2023/12",
        "abstract": "hydrocarbon present gas emitted internal combustion engine coefficient determining toxicity exhaust gas examined exhaust gas emitted passenger vehicle meeting euro 3 euro 6 emission standard equivalent toxicity coefficient calculated volatile organic compound rter polycyclic aromatic hydrocarbon cer identified gas chromatography rter value showed four six vehicle tested exceeded control rter value two three euro 6 vehicle cer value higher control value indicates toxicity mixture hydrocarbon emitted tested vehicle meeting stricter emission standard higher case older generation vehicle",
        "keywords": null,
        "url": "https://journals.sagepub.com/doi/abs/10.1177/14680874221132929"
    },
    {
        "title": "new technology toxicity investigation vehicle indoor air",
        "authors": "A Janicka, M Zawiślak, E Zaczyńska, A Czarny",
        "year": "2015",
        "abstract": "new technology toxicity investigation vehicle indoor air close infona portal us cooky ie string text saved browser user device portal access file use remember user chosen setting screen view interface language etc login",
        "keywords": null,
        "url": "https://www.infona.pl/resource/bwmeta1.element.elsevier-94f78a5d-70dc-3d25-8221-e0187df05e6a"
    },
    {
        "title": "emission volatile organic compound polycyclic aromatic hydrocarbon engine powered biofuel",
        "authors": "A Janicka, W Walkowiak",
        "year": "2007",
        "abstract": "exhaust gas diesel engine contain 100 chemical compound hazardous human ecosystem numerous transformation atmosphere create new substance dangerous component exhaust gas due mutagenic carcinogenic property include volatile organic compound vocs polycyclic aromatic hydrocarbon pahs one method reducing concentration compound exhaust gas combustion engine modification substitution fuel powering engine present result research aimed determining qualitative quantitative composition exhaust gas term detecting vocs pahs produced operation diesel engine using conventional fuel 100 rapeseed oil methyl ester rme fuel blend",
        "keywords": null,
        "url": "https://www.infona.pl/resource/bwmeta1.element.baztech-article-LOD9-0026-0007"
    },
    {
        "title": "determination volatile organic compound combustion engine compliant euro 4 euro 6",
        "authors": "A Kęska, A Janicka",
        "year": "2017",
        "abstract": "volatile organic compound considered one harmful pollutant among hydrocarbon belongs one chemical group monitored process using vehicle article emphasized voc toxicity light change legislation engine exhaust emission determination volatile organic compound exhaust gas selected passenger car tested gas chromatography used study result verified regard increasingly restrictive euro standard furthermore article discusses issue related control voc emission internal combustion engine car well attitude vehicle user towards adverse environmental condition associated emission toxin",
        "keywords": null,
        "url": "https://bibliotekanauki.pl/articles/125835.pdf"
    },
    {
        "title": "toxicity measurement test new method toxicological estimation car cabin atmosphere",
        "authors": "A Janicka",
        "year": "2013",
        "abstract": "article difficult problem mixture toxicity discussed problem important aspect human life environment especially indoor air quality vehicle interior specific environment level volatile toxic organic compound particularly high method gaseous mixture toxicity estimation based test presented application vehicle cabin interior compare popular toxicity indicator relative toxicity coefficient result method application brand new passenger vehicle parking condition presented result correlated volatile organic compound concentration vehicle interior method gas chromatography",
        "keywords": null,
        "url": "https://bibliotekanauki.pl/articles/126800.pdf"
    }
]