[
    {
        "title": "childlessness geographical proximity support 12 european country",
        "authors": "Agnieszka Fihel, Małgorzata Kalbarczyk, Anna Nicińska",
        "year": "2022/11",
        "abstract": "number relative geographical proximity affect informal support provided older person investigate whether childless person parent living remotely adult child experience similar shortage informal support b whether neighbour friend helper compensate shortage basis survey health ageing retirement europe share 12 european country estimate probability amount informal support received person aged 65 remain childless live different distance child contribution individual rather complementary help family parent residing proximity child rely almost exclusively family geographical distance adult child older parent increase",
        "keywords": null,
        "url": "https://www.cambridge.org/core/journals/ageing-and-society/article/childlessness-geographical-proximity-and-nonfamily-support-in-12-european-countries/A8ABF056F60C4C296DCE21540177D965"
    },
    {
        "title": "portrait generation poland europe result survey health ageing retirement europe share",
        "authors": "Anita Abramowska-Kmon, Małgorzata Bała, Agnieszka Chłoń-Domińczak, Dorota Holzer-Żelażewska, Małgorzata Kalbarczyk-Stęclik, Irena E Kotowska, Anna Maliszewka, Magdalena Michałejko, Michał Myck, Mateusz Najsztub, Anna Nicińska, Monika Oczkowska, Wojciech Paczyński, Marta Palczyńska, Maja Rynko, Roman Topór-Mądry",
        "year": "2014",
        "abstract": "aging process population significant impact many social economic process several decade ago people aged 50 60 older constituted relatively small part population today significantly individual life span ahead also extending change present range challenge also create unique opportunity individual society economy aging population due trend declining fertility mortality global process gaining particular momentum 21st century however europe stand due advancement process age structure transformation decline fertility level guarantee generational replacement lead decrease share child youth population hand constantly increasing life expectancy result growing share older people population additionally europe first continent experience decline number people working age change age structure particularly intense poland well central eastern european country due rapid decline maintenance low fertility level 1989 child per woman reproductive age understand challenge associated population aging necessary take comprehensive look population essential consider one hand health status individual human capital cognitive skill social tie",
        "keywords": null,
        "url": "https://open.icm.edu.pl/bitstreams/520ac781-12ed-4a7f-981d-90d3b1f32f53/download"
    },
    {
        "title": "financial nonfinancial transfer share finansowe niefinansowe transfery w próbie share",
        "authors": "Malgorzata Kalbarczyk, Anna Nicinska",
        "year": "2009",
        "abstract": "article present preliminary share financial nonfinancial support household frequency given received financial nonfinancial transfer inheritance grandchild care investigated international comparison detailed analysis focus poland take account donor recipient transfer reason received given transfer also value financial transfer frequency nonfinancial transfer result show population consists transfer recipient often transfer donor result poland similar result obtained southern european country",
        "keywords": null,
        "url": "https://www.infona.pl/resource/bwmeta1.element.942a2c4c-8dbd-3ed8-bee8-d1d9b71ee440"
    },
    {
        "title": "institutional origin vaccine distrust evidence country",
        "authors": "Joan Costa-Font, Jorge Garcia-Hombrados, Anna Nicińska",
        "year": "2023/3/1",
        "abstract": "vaccine scepticism related exposure soviet communism using individual level evidence vaccine trust regard efficiency safety 122 country differ exposure communism document past exposure soviet communism associated lower trust vaccination show exposure regime negatively affect trust vaccine explained weak trust government medical advice doctor well people neighbourhood result suggest root vaccine scepticism lie wider distrust public state institution resulting exposure soviet communism",
        "keywords": null,
        "url": "https://journals.plos.org/plosone/article?id=10.1371/journal.pone.0282420"
    },
    {
        "title": "institutional origin vaccine distrust evidence country",
        "authors": "Joan Costa-Font, Jorge Garcia-Hombrados, Anna Nicińska",
        "year": "2021/4/14",
        "abstract": "trust vaccine affected exposure soviet communism using individual level evidence vaccine trust regard efficiency safety long list world country document exposure soviet communism reduces trust vaccination show exposure regime explain limited trust vaccine explained weak trust government medical personnel medical advice doctor well people neighbourhood result suggest root vaccine distrust lie wider distrust public state institution resulting exposure soviet communism",
        "keywords": null,
        "url": "https://www.researchsquare.com/article/rs-400867/latest"
    },
    {
        "title": "last year life pole light share comparative",
        "authors": "Małgorzata Kalbarczyk-Stęclik, Anna Nicińska",
        "year": "2013",
        "abstract": "mortality alongside fertility migration key issue demography nature considers interdisciplinary context transition pattern wasteful population reproduction economical reproduction population aging become one frequently studied demographic process along question limit extending average life expectancy question limit healthy life expectancy posed concern relatively issue life time illness disability wróblewska 2008 also draw attention duration dying covinsky et al 2003 second stream research sign occurrence specific physical element dying patient sought sporken 1989 find 1 project funded national science centre based decision number author wish thank participant conference applied demography new method research need us share wave 4 release 1 november 30th 2012 share wave 1 2 release may 24th 2011 sharelife release 1 november 24th share collection primarily funded european commission 5th framework programme project thematic programme quality life 6th framework programme project compare sharelife",
        "keywords": null,
        "url": "https://journals.pan.pl/Content/96042/mainfile.pdf"
    },
    {
        "title": "effect communist indoctrination school evidence poland",
        "authors": "Joan Costa-Font, Jorge García-Hombrados, Anna Nicinska",
        "year": "2020",
        "abstract": "education serve skill formation socialisation goal conducive desirable economic outcome however political manipulation school curriculum give rise indoctrination effect counterproductive welfare consequence pupil study effect communist indoctrination human capital accumulation labour market outcome poland document reduction indoctrination school curriculum 1954 exerted beneficial effect unlike east germany school reform fall communism poland negligible effect human capital labour market outcome result contrast explained ideological content school curriculum polish education system",
        "keywords": null,
        "url": "https://www.econstor.eu/handle/10419/232696"
    },
    {
        "title": "health work lifestyle population poland compared european country",
        "authors": "M Myck, J Czapiński, W Dorabialski, A Gilis-Januszewska, M Kalbarczyk, G Kula, A Nicińska, R Topór-Mądry, M Wiśniewski",
        "year": "2009",
        "abstract": null,
        "keywords": null,
        "url": "https://scholar.google.com/scholar?cluster=162139524796027705&hl=en&oi=scholarr"
    },
    {
        "title": "comrade family soviet communism demand family insurance",
        "authors": "Joan Costa‐Font, Anna Nicińska",
        "year": "2023/11",
        "abstract": "exposure soviet communism ec regime based collectivist state planning affected preference family support refer informal family insurance backdrop communism gave rise abolition family document actually strengthened preference demand informal family insurance without depressing individual preference social insurance exploit cohort variation ec individual living 33 central eastern european country among 14 subject communist regime estimate ec gave rise percentage point pp increase preference family care older parent pp increase support financial nonfinancial child effect explained strengthening social family",
        "keywords": null,
        "url": "https://onlinelibrary.wiley.com/doi/abs/10.1111/kykl.12342"
    },
    {
        "title": "child proximity support elderly adult europe",
        "authors": "Agnieszka Fihel, Małgorzata Kalbarczyk, Anna Nicińska",
        "year": "2019",
        "abstract": "geographical distance adult child elderly parent adversely affect provision help latter investigate neighbour friend individual compensate shortage help received elderly person basis share twelve european country estimate probability amount unpaid support received person aged 65 living different distance child parent living proximity rely almost exclusively family geographical distance adult child elderly parent increase probability amount support increase well eastern southern europe elderly individual receive support family counterpart western northern europe supporter compensate absence child proximity engagement former depends strongly cultural institutional condition",
        "keywords": null,
        "url": "https://www.econstor.eu/handle/10419/213950"
    },
    {
        "title": "people bequeath",
        "authors": "Anna Nicińska",
        "year": "2013",
        "abstract": "question people would like would wish bequeath lend easy answer question hardly investigated social scientist poland aim article present critical review foreign literature bequest behaviour advance proposition subsequent research state art knowledge lead u hypothesis bequest left possible approach testing hypothesis discussed particular focus informative making subjective probability bequeath might conclude attempt answer people bequeath whether people want bequeath remain unsuccessful research include prevalence inheritance accompanied intertemporal linking bequest behaviour subjective probability bequeath finally development theoretical accounting bequest behaviour yielding testable claim",
        "keywords": null,
        "url": "https://dbc.wroc.pl/dlibra/publication/38990/edition/35507/content?&meta-lang=pl"
    },
    {
        "title": "effect indoctrination school evidence people republic poland",
        "authors": "Joan Costa-Font, Jorge García-Hombrados, Anna Nicińska",
        "year": "2024/1/1",
        "abstract": "study communist indoctrination school labour force participation human capital investment specifically evaluate impact reform poland revoked political indoctrination school leaving rest curriculum unchanged overcome endogeneity concern exploit birth date school enrolment exhibit variation level exposure reform find reduction school indoctrination increased probability finishing secondary tertiary education expanded labour force participation 50 year line",
        "keywords": null,
        "url": "https://www.sciencedirect.com/science/article/pii/S0014292123002696"
    },
    {
        "title": "pattern mobility ownership private car alternative transport mode focus warsaw poland",
        "authors": "Shahriar Akhavan, Maciej Grzenda, Anna Nicińska, Joanna Rachubik, Satia Rożynek, Jakub Zawieska, Grzegorz Kula",
        "year": "2023",
        "abstract": "article present extensive private ownership car transport mode warsaw poland focus understanding mobility pattern exploring sustainable alternative private car usage provides comprehensive description car ownership trend highlighting high growing number car per caput poland particularly warsaw existing transport system warsaw including public transport network related policy summarized literature review examines institutional individual factor influencing mobility behavior dynamic recent change car usage alternative mode transport identifies barrier opportunity adoption sustainable mobility solution discussing policy implication national international level",
        "keywords": null,
        "url": "https://ideas.repec.org/p/war/wpaper/2023-18.html"
    },
    {
        "title": "financial private transfer close one beyond family kinship",
        "authors": "Anna Nicińska, Małgorzata Kalbarczyk, Agnieszka Fihel",
        "year": "2022/4/3",
        "abstract": "internally defined tie friendship trust closeness might enhance private transfer present examines role tie top impact genetic relatedness legal family relation using family varied access filial support source heterogeneity investigate addition family support financial transfer received unrelated individual mature adult childless dispersed adult child living significant distance parent local family using survey health ageing retirement europe find structure support given mature adult indeed depends internally defined tie independent family tie controlling relevant factor positive impact informal support internally defined tie concern particularly limited support",
        "keywords": null,
        "url": "https://www.tandfonline.com/doi/abs/10.1080/13229400.2020.1750452"
    },
    {
        "title": "comparison cost child maintenance using housing expenditure",
        "authors": "Małgorzata Kalbarczyk, Agata Miazga, Anna Nicińska",
        "year": "2018/1/22",
        "abstract": "interesting compare maintenance cost child country similar yet different family policy regime could yield valuable lesson researcher also sake methodological aim conduct comparative equivalence scale austria italy poland france taking account age child end use european income living condition calculate equivalence scale household first second child four country share common european cultural context yet differ respect social environment particular family policy apply engel estimation method proposing share housing spending total expenditure tool obtain equivalence result consistent",
        "keywords": null,
        "url": "https://www.ceeol.com/search/article-detail?id=665527"
    },
    {
        "title": "bequeathing life course life cycle",
        "authors": "Anna Nicińska",
        "year": "2013",
        "abstract": "investigate bequest left using life course approach planned post mortem wealth transfer child linked inter vivos transfer inheritance left parent individual decision concerning wealth accumulation bequeathing understood better adjacent generation taken account moreover particular event individual life history widowhood divorce disease others affect bequest decision life course perspective proved fruitful better understanding bequest behavior",
        "keywords": null,
        "url": "https://scholar.google.com/scholar?cluster=12750112024369867740&hl=en&oi=scholarr"
    },
    {
        "title": "comrade family soviet communism informal family insurance",
        "authors": "Joan Costa-Font, Anna Nicinska",
        "year": "2020",
        "abstract": "exposure communism ec regime based collectivist planning preference family support refer family insurance exploit cohort variation ec large sample central eastern european country ceec backdrop give rise abolition family find robust evidence ec strengthens preference family insurance coexists stronger preference social insurance find six per cent increase preference care older parent four per cent increase preference support child financial support adult child effect explained erosion generalized trust lower confidence public institution suggesting raising uncertainty adversity communism increased demand type available insurance",
        "keywords": null,
        "url": "https://www.econstor.eu/handle/10419/227377"
    },
    {
        "title": "support older generation polish family",
        "authors": "Anna Nicińska",
        "year": "2020",
        "abstract": "change age structure polish population due increasing life expectancy fertility remaining replacement level lead decline poland population next 25 year according gu forecast 2016 literature population aging perceived challenge rather opportunity polish economy despite international study clearly indicating net basis private financial transfer flow older younger generation albertini et al 2007 half european grandparent involved caring grandchild najsztub oczkowska 2017 common though unjustified perception poland older people burden stem among thing expectation intense increase demographic burden demand care number proportion older people population rise basis believe physical condition significantly better future subject article support received people aged 50 enabling function independently outside care institution aim describe basic relationship family structure support attempt diagnose challenge may face polish population regard",
        "keywords": null,
        "url": "https://cejsh.icm.edu.pl/cejsh/element/bwmeta1.element.cejsh-f3469da8-3173-419d-9b8b-528d5302cadc"
    },
    {
        "title": "life history risk death 50 survival europe",
        "authors": "Anna Nicińska, Małgorzata Kalbarczyk-Stęclik",
        "year": "2015/12",
        "abstract": "investigated impact event individual past risk death european aged 50 older controlling relevant variable based retrospective biographic interview regular longitudinal interview interview survey health ageing retirement europe particular captured retrospectively health childhood period poverty hunger poor health experienced past history health care including regular dental care blood test blood pressure measurement information along age gender current subjective objective health characteristic enables assessment risk death applied proportional hazard explain risk death survival show event experienced past",
        "keywords": null,
        "url": "https://www.cambridge.org/core/journals/canadian-journal-on-aging-la-revue-canadienne-du-vieillissement/article/life-history-and-risk-of-death-after-50-a-survival-analysis-for-europe/2400C79F414BE645A40385A8A67DCFB5"
    },
    {
        "title": "role family tradition bequest behavior link experience inheriting planned bequest",
        "authors": "Anna Nicińska",
        "year": "2011",
        "abstract": null,
        "keywords": null,
        "url": "http://coin.wne.uw.edu.pl/anicinska/wp-content/uploads/2018/05/title-page.pdf"
    }
]