[
    {
        "title": "major transport infrastructure investment regional economic approach",
        "authors": "Bartlomiej Rokicki, Marcin Stępniak",
        "year": "2018/10/1",
        "abstract": "territorial cohesion improvement accessibility considered main goal core eu cohesion policy yet exists abundant literature impact transport infrastructure investment overall accessibility level study try verify possible link accessibility regional economic development issue seems particularly interesting case eu new member state experienced big push develop transportation network last decade hence present apply potential accessibility indicator poland order verify general productivity effect major transport infrastructure investment 2004 find accessibility improvement seems weakly positively correlated growth regional employment however impact growth regional",
        "keywords": null,
        "url": "https://www.sciencedirect.com/science/article/pii/S0966692318300231"
    },
    {
        "title": "impact european union accession regional income convergence within visegrad country",
        "authors": "Mark Horridge, Bartlomiej Rokicki",
        "year": "2018/4/3",
        "abstract": "impact european union accession regional income convergence within visegrad country regional study applies regional dynamic computable general equilibrium cge model simulate growth regional income within visegrad group country show regional income differential would evolve czech republic hungary poland slovakia join european union find region would grow slower pace without european union membership european union structural policy play key role finally prove impact accession evolution regional income inequality although magnitude differs significantly country",
        "keywords": null,
        "url": "https://www.tandfonline.com/doi/abs/10.1080/00343404.2017.1333593"
    },
    {
        "title": "regional price deflator poland evidence region",
        "authors": "Bartlomiej Rokicki, Geoffrey JD Hewings",
        "year": "2019/1/2",
        "abstract": "analyzes regional price differential poland level applies unique calculates regional purchasing power parity ppp deflator 16 region estimate ppp deflator 66 region applying multiple imputation approach finally verifies whether interregional price inequality greater influence overall price inequality level found price level significantly higher average region lower lagging one also found rather interregion differential influence overall inequality level",
        "keywords": null,
        "url": "https://www.tandfonline.com/doi/abs/10.1080/17421772.2018.1503705"
    },
    {
        "title": "spatial polish wage curve gender effect evidence polish labor survey",
        "authors": "Badi H Baltagi, Bartlomiej Rokicki",
        "year": "2014/11/1",
        "abstract": "reconsiders polish wage curve using individual polish labor force survey lf 16 nuts2 level allowing spatial spillover region addition estimate total regional unemployment rate elasticity individual wage find significant spatial unemployment spillover across polish region addition find result polish wage curve sensitive regional unemployment rate especially true woman",
        "keywords": null,
        "url": "https://www.sciencedirect.com/science/article/pii/S0166046214000829"
    },
    {
        "title": "accessibility regional cge framework effect major transport infrastructure investment poland",
        "authors": "Bartlomiej Rokicki, Eduardo A Haddad, Jonathan M Horridge, Marcin Stępniak",
        "year": "2021/4",
        "abstract": "since eu accession poland invested strongly development fast road transport network result total length modern road increased around 500 km 2005 3000 km yet positive impact transport infrastructure investment overall accessibility unquestionable study assess influence economic development particular region applies regional dynamic cge measure effect big transport infrastructure investment polish nuts2 region use investment spending accessibility improvement expressed reduction transport margin order distinguish possible short long term impact find exist significant disparity impact region high share major road infrastructure investment undertaken",
        "keywords": null,
        "url": "https://link.springer.com/article/10.1007/s11116-019-10076-w"
    },
    {
        "title": "diagnozą działaniem",
        "authors": "Łukasz Arendt, Agnieszka Hryniewicka, Iwona Kukulak-Dolata, Bartłomiej Rokicki",
        "year": "2012",
        "abstract": "issue related broadly understood unemployment one important topic social policy every country due problem associated unemployment increased social dissatisfaction increased budgetary burden may consequence occurrence professional deactivation social marginalization",
        "keywords": null,
        "url": "https://www.researchgate.net/profile/Bartlomiej-Rokicki/publication/330144806_Bezrobocie-miedzy_diagnoza_a_dzialaniem/links/5c2fbe80a6fdccd6b5928ffd/Bezrobocie-miedzy-diagnoza-a-dzialaniem.pdf"
    },
    {
        "title": "individual wage regional market potential evidence polish labour force survey",
        "authors": "Andrzej Cieślik, Bartłomiej Rokicki",
        "year": "2016/10",
        "abstract": "article wage determinant poland employing augmented neg wage equation control individual worker characteristic based labor force survey lf conducted polish central statistical office cso period using annual polish worker 16 region find significant fraction wage difference explained geography access market",
        "keywords": null,
        "url": "https://onlinelibrary.wiley.com/doi/abs/10.1111/ecot.12102"
    },
    {
        "title": "versus table within cge case austria",
        "authors": "Bartlomiej Rokicki, Oliver Fritz, Jonathan M Horridge, Geoffrey JD Hewings",
        "year": "2021/10/2",
        "abstract": "spatial cge model rely detailed multiregional mrio table compare two different approach compiling mrio table austria approach regionalizes national table iot generates trade estimate using predefined set regional variable horridge algorithm hybrid approach us much regional interregional possible investigate whether observe difference cge simulation result use result aggregate simulation surprisingly similar algorithmic approach fact effective making mrio national iot noticeable difference appear sectoral level seem mainly due difference calibration rather regionalization",
        "keywords": null,
        "url": "https://www.tandfonline.com/doi/abs/10.1080/09535314.2020.1839385"
    },
    {
        "title": "regional wage determinant poland empirical verification neg approach",
        "authors": "Andrzej Cieślik, Bartłomiej Rokicki",
        "year": "2013",
        "abstract": "aim explaining regional wage determinant poland using new economic geography approach test hypothesis regional wage positively related regional economic potential controlling individual worker firm industry regional characteristic demonstrate regional economic potential strongly influence regional level wage moreover find individual characteristic also play important role wage determination poland",
        "keywords": null,
        "url": "http://bankikredyt.nbp.pl/content/2013/02/bik_02_2013_02_art.pdf"
    },
    {
        "title": "economic theory regional differentiation labor market",
        "authors": "B Rokicki",
        "year": "2008",
        "abstract": null,
        "keywords": null,
        "url": "https://scholar.google.com/scholar?cluster=9030592641272704671&hl=en&oi=scholarr"
    },
    {
        "title": "regional convergence within particular approach based regional price deflator",
        "authors": "Bartlomiej Rokicki, Geoffrey JD Hewings",
        "year": "2016/9/1",
        "abstract": "applies regional price deflator polish nuts2 region u state order reassess regional income convergence within particular country find regional income disparity decrease significantly account regional price differential moreover prove application regional price deflator significant impact result σ also influence conclusion concerning magnitude spatial spillover result important policy implication particular concerning eu cohesion policy financial allocation assessment policy effectiveness",
        "keywords": null,
        "url": "https://www.sciencedirect.com/science/article/pii/S0264999316301213"
    },
    {
        "title": "brazilian wage curve new evidence national household survey",
        "authors": "Badi H Baltagi, Bartlomiej Rokicki, Kênia Barreiro de Souza",
        "year": "2017/8",
        "abstract": "reconsiders brazilian wage curve using individual national household survey 27 federative unit period find evidence favor brazilian wage curve unemployment elasticity also find male brazil significantly responsive local unemployment rate female counterpart fact find unemployment elasticity woman statistically insignificant applying unemployment rate elasticity men decrease elasticity woman remains statistically insignificant also find estimate brazilian wage curve completely different case formal informal worker",
        "keywords": null,
        "url": "https://link.springer.com/article/10.1007/s00181-016-1105-5"
    },
    {
        "title": "role transport network development polish region application economic potential",
        "authors": "Andrzej Cieślik, Bartłomiej Rokicki",
        "year": "2013/6/30",
        "abstract": "article identifies region poland highest value economic potential examines expansion interregional road network affect change potential result obtained suggest development network lead increase potential region simultaneously causing increase agglomeration tendency result deepening development disparity mazowieckie voivodeship region may counteract formation metropolitan area voivodeships",
        "keywords": null,
        "url": "https://apcz.umk.pl/AUNC_EKON/article/view/aunc_ekon.2013.009"
    },
    {
        "title": "system monitoring evaluation cohesion policy poland",
        "authors": "Bartłomiej Rokicki",
        "year": "2011",
        "abstract": "review cohesion policy initiated 2010 reignited discussion future perspective main beneficiary european union structural policy poland maintaining broadest possible range action undertaken within framework cohesion policy one priority negotiating new financial perspective however achieve necessary demonstrate high added value policy ensuring high level absorption allocated financial resource however shown report published last year commission assessing implementation structural policy halfway programming period european commission 2010 level utilization european fund poland look impressive compared member state issue effectiveness action taken within framework cohesion policy turn raise ongoing controversy among politician economist theoretically ensuring latter aided effective monitoring evaluation system operational program based indicator system however study dedicated evaluating system poland show designed flawed manner therefore current form allow effective verification extent project eu structural fund impact achievement goal set operational program content individual program may best testify",
        "keywords": null,
        "url": "https://cejsh.icm.edu.pl/cejsh/element/bwmeta1.element.doi-10_33119_GN_101099"
    },
    {
        "title": "difference level regional development spain accession european union",
        "authors": "Bartłomiej Rokicki",
        "year": "2004",
        "abstract": "aim article determine possible impact european integration regional difference spain country often compared poland due similar size term area population well administrative division example spain allows early process may occur poland future main thesis work assumption accession european union country like spain could negative impact internal regional income disparity verification thesis based theoretical premise result author econometric research allow unequivocal support research hypothesis",
        "keywords": null,
        "url": "https://scholar.google.com/scholar?cluster=9408287819189883042&hl=en&oi=scholarr"
    },
    {
        "title": "actuarial credibility approach adjusting initial cost estimate transport infrastructure project",
        "authors": "Bartlomiej Rokicki, Krzysztof Ostaszewski",
        "year": "2022/10/17",
        "abstract": "present novel methodology based modified actuarial credibility approach allows adjustment initial cost estimate public infrastructure project accounting additional factor hence offer interesting alternative existing forecasting method test approach applying 300 major infrastructure project implemented poland 2004 prove despite simplicity actuarial credibility approach deliver accurate cost estimate compared complex method regression ols machine learning lasso particular show although forecasting accuracy varies among different project category actuarial credibility outperforms forecasting approach majority case result argue actuarial credibility considered relatively simple tool modest requirement easily applied investor policy maker order improve project planning avoid cost overrun",
        "keywords": null,
        "url": "https://www.mdpi.com/2071-1050/14/20/13371"
    },
    {
        "title": "effect poland integration eu structural intervention economic development eastern border region",
        "authors": "Bartlomiej Rokicki, Mieczyslaw W Socha",
        "year": "2008",
        "abstract": "discus possible effect poland accession european union eu economic development polish eastern border region accordance theoretical prevision economic integration may great impact spatial allocation economic activity result likely regional income divergence poland increase within next year structural intervention accomplished framework eu cohesion policy programme expected offset negative tendency attempt evaluate possible outcome different kind infrastructural project show similar investment may diverse impact production employment different region demonstrate certain transport infrastructure project may fact decelerate economic growth eastern border region",
        "keywords": null,
        "url": "http://www.ces.kier.kyoto-u.ac.jp/jces/04_jces_2008/07_Rokicki_Socha.pdf"
    },
    {
        "title": "future cohesion policy review european union budget",
        "authors": "M Kwasowski, B Rokicki, J Ryba, J Wtorek",
        "year": "2006",
        "abstract": null,
        "keywords": null,
        "url": "https://scholar.google.com/scholar?cluster=14190690816476168365&hl=en&oi=scholarr"
    },
    {
        "title": "evolution regional differentiation real wage poland",
        "authors": "Bartłomiej Rokicki",
        "year": "2013",
        "abstract": "aim article empirically verify hypothesis regarding convergence real wage polish voivodeships unlike study practice focus evolution nominal wage first time us regional ppp deflator allow adjustment nominal wage significantly influence conclusion regarding evolution regional wage disparity poland issue concerning evolution regional labor market disparity country including wage addressed multiple time numerous study spatial difference wage level particularly important according theory difference one determinant migration decision theoretical model suggest outflow part labor force region lower wage level least partially reduce regional unemployment rate disparity others indicate possibility deepening disparity case author focused analyzing relationship wage growth rate initial level beta convergence evolution wage dispersion region sigma convergence result suggest deepening existing disparity recent decade however shown article result may significantly flawed consequently convergence conducted wage adjusted using regional ppp deflator may suggest",
        "keywords": null,
        "url": "https://cejsh.icm.edu.pl/cejsh/element/bwmeta1.element.doi-10_33119_GN_100942"
    },
    {
        "title": "rethinking regional wage determinant regional market potential versus trade partner potential",
        "authors": "Bartlomiej Rokicki, Andrzej Cieślik",
        "year": "2023/1/2",
        "abstract": "reconsiders relationship individual wage regional market access focus poland country experienced profound change market accessibility last two decade first consequence european union accession 2004 second result unprecedented development major road transport network using period find positive relationship wage regional market access disappears time individual wage begin positively correlated market potential poland main trading partner",
        "keywords": null,
        "url": "https://www.tandfonline.com/doi/abs/10.1080/17421772.2022.2070657"
    }
]