[
    {
        "title": "redistribution income impact social welfare poland 1995 2007",
        "authors": "Ewa Aksman",
        "year": "2010",
        "abstract": null,
        "keywords": null,
        "url": "https://scholar.google.com/scholar?cluster=13977944362044352105&hl=en&oi=scholarr"
    },
    {
        "title": "transformation public private sector british polish healthcare",
        "authors": "Ewa Aksman",
        "year": "2000",
        "abstract": null,
        "keywords": null,
        "url": "https://scholar.google.com/scholar?cluster=10375013847663459353&hl=en&oi=scholarr"
    },
    {
        "title": "poverty income inequality affect public debt",
        "authors": "Ewa Aksman",
        "year": "2017",
        "abstract": "aim capture impact poverty income inequality public debt european union country providing dynamic nature response variable assess absolute poverty new overall deprivation indicator suggested measure make possible distinguish average deprivation severe deprivation determine income inequality unevenness distribution prefiscal income considered factor likely cause government redistributive spending dynamic panel dpd estimated using lsdv estimator result indicate neither poverty income inequality statistically significant predictor public ratio country report higher absolute poverty higher income inequality de facto spend less social benefit country higher relative poverty higher social spending rest sample",
        "keywords": null,
        "url": "https://cejsh.icm.edu.pl/cejsh/element/bwmeta1.element.doi-10_33119_GN_100744"
    },
    {
        "title": "redistributive social benefit income tax",
        "authors": "Ewa Aksman",
        "year": "2005",
        "abstract": "article contains result impact social benefit income tax reducing income inequality society used statistical gu household budget survey turn result benefit tax income disparity decreased redistributive effect financial instrument differed greatly strength benefit reduced income disparity percent tax percent together benefit tax caused decrease income inequality percent",
        "keywords": null,
        "url": "http://bazekon.icm.edu.pl/bazekon/element/bwmeta1.element.ekon-element-000000126143"
    },
    {
        "title": "redistributive income tax poland",
        "authors": "Ewa Aksman",
        "year": "2002",
        "abstract": "aim article examine whether personal income tax system poland differs analogous system highly developed country perspective redistributive tax conducted take account progressive nature income tax impact phenomenon pure horizontal inequality unequal treatment taxpayer gross income redistributive tax assessment showed wide range unequal tax treatment household poland significantly reduces redistributive income tax relief exemption would increase much percent actual value result obtained poland showed compared 12 oecd country poland weakest final redistributive precisely result strong unequal tax treatment",
        "keywords": null,
        "url": "https://scholar.google.com/scholar?cluster=380603074235572145&hl=en&oi=scholarr"
    },
    {
        "title": "early experience poland introducing health care",
        "authors": "Ewa Aksman",
        "year": "2000",
        "abstract": "main element new law 1991 clear split achieved taking dmhcis control voiwoidship health department setting independent health care institution ihcis new unit designed utilise public asset deliver service sell service purchaser earn profit could partially dispose also free set remuneration scheme change vhds local played role public permitted enter contract independent health care institution private provider delivery health care",
        "keywords": null,
        "url": "https://www.lse.ac.uk/lse-health/assets/documents/eurohealth/issues/eurohealth-v6n2.pdf#page=23"
    },
    {
        "title": "income growth reduction inequality shortened social welfare function",
        "authors": "Ewa Aksman",
        "year": "2009",
        "abstract": "author explains argument increasing income inequality price paid increased economic efficiency invoked relation poland since beginning systemic transformation process abbreviated social welfare function provides basis examining conflict economic efficiency income equality one fundamental dilemma classical economics article first present characteristic abbreviated social welfare function within framework welfare economics theory present empirical leading identification value function relation distribution current gross household income poland",
        "keywords": null,
        "url": "https://scholar.google.com/scholar?cluster=16855136099386073670&hl=en&oi=scholarr"
    },
    {
        "title": "extent social benefit income tax alter income distribution poland",
        "authors": "Ewa Aksman",
        "year": "2015",
        "abstract": "aim evaluating redistributive personal income tax social benefit poland redistributive impact net tax lorenz curve approach including income distribution parameter applied fiscal system redistributive measured relative term kakwani decomposition used methodology applied polish household period year size empirical sample 37 000 unit performed showed system reduced income inequality average net tax redistributive impact mainly result large redistributive influence social benefit whereas redistributive income tax much weaker factor lowered overall net tax redistributive",
        "keywords": null,
        "url": "https://www.ceeol.com/search/article-detail?id=414894"
    },
    {
        "title": "redistributive effect social benefit poland v analogous effect european country",
        "authors": "Ewa Askman",
        "year": "2003",
        "abstract": "aim analyse redistributive social benefit poland comparison analogous effect dozen european country consortium household panel european research cher database source empirical result demonstrates poland one central east european country inherited socialist system generous social benefit characterized second highest redistributive average value equal moreover confirms poland distinguished fact redistributive benefit mainly consequence high average benefit rate respect original income average value variable equal high benefit regressivity respect category income average value benefit regressivity index equal redistributive aggregated benefit poland made predominantly redistributive type pension average value equal fact phenomenon attributed poland country well inequality gross income poland result original income one lowest contribution original income inequality gross income average value equal one highest contribution benefit inequality gross income average value equal",
        "keywords": null,
        "url": "https://liser.elsevierpure.com/fr/publications/redistributive-effects-of-social-benefits-in-poland-vs-analogous-"
    },
    {
        "title": "transformation public sector polish healthcare",
        "authors": "Ewa Aksman",
        "year": "1999",
        "abstract": "subject source course public healthcare reform poland structure reformed public healthcare functioning system context regulated market discussed",
        "keywords": null,
        "url": "https://scholar.google.com/scholar?cluster=2955234588433856743&hl=en&oi=scholarr"
    },
    {
        "title": "towards health care early experience poland",
        "authors": "Ewa Aksman",
        "year": "1999",
        "abstract": "since 1996 expanding polish health care sector although rather wilful instrument strategic reform system market currently applying quarter publicly funded health care copied great extent former integrated vhds voivodship health department dmhcis directly managed health care institution market vast majority care contracted pare ihcis monopolistic position consequence situation yet remarkable efficiency gain implementing market term quality efficiency care responsiveness patient demand choice care nevertheless equity access exchanged care preserved comparatively past generally since missing begining crucial condition effectiveness market lead lack effectiveness benefit forejudging future development market new relevant institutional solution required solution must provide competitive market structure sufficient author would like acknowledge arjun bedi marek bednarski leonard herk wojciech maciejewski katarzyna tymowska marian wiśniewski useful comment help view expressed project author author responsible remaining error survey 55 dmhcis transformed ihcis ministry health experimental programme conducted statutory research department economics warsaw",
        "keywords": null,
        "url": "https://scholar.google.com/scholar?cluster=15317778841670314937&hl=en&oi=scholarr"
    },
    {
        "title": "significance net tax poland income differentiation",
        "authors": "Ewa Aksman",
        "year": "2010/2/28",
        "abstract": "aim article analyze impact net tax poland household income inequality tax understood difference pit social benefit application theoretical category allows examination combined redistributive public transfer pit answering question extent two financial tool together reduce income disparity among population also allows identification net fiscal burden household first part article explains definition net tax second part discusses conducted empirical based central statistical office household budget survey description using two definition redistributive net tax along decomposition individual component constitutes third section fourth part present result conducted empirical particularly strength redistributive impact net tax along level individual component impact average rate progressivity benefit pit concentration net income relative primary income conclusion contains important final finding",
        "keywords": null,
        "url": "https://bibliotekanauki.pl/articles/574576.pdf"
    },
    {
        "title": "income inequality household poland year",
        "authors": "Ewa Aksman",
        "year": "2008",
        "abstract": "aim article examine household income inequality poland since beginning current decade allow u answer question whether general trend increasing inequality ongoing several year continues also enable cause situation",
        "keywords": null,
        "url": "https://repozytorium.amu.edu.pl/bitstreams/badfbfc4-8b6a-4052-8063-67fd8c78d9b2/download"
    },
    {
        "title": "concentration regressivity social benefit",
        "authors": "Ewa Aksman",
        "year": "2008",
        "abstract": "aim article analyze social benefit poland perspective concentration regressivity main source gu household budget survey concentration regressivity coefficient total benefit used well decomposition measure light division total benefit covered social insurance covered measure introduced nc kakwani conducted empirical showed aggregated social benefit poland negatively concentrated relation primary household income consequently also discussed period concentration coefficient ranged regressivity coefficient reached level benefit characterized significantly stronger negative concentration relation primary income result much greater regressivity compared insurance benefit additionally redistributive benefit considered time period ranged original abstract",
        "keywords": null,
        "url": "https://scholar.google.com/scholar?cluster=1633717081536731997&hl=en&oi=scholarr"
    },
    {
        "title": "redistributive health benefit",
        "authors": "Ewa Aksman",
        "year": "2004",
        "abstract": "aim article examine impact health benefit distribution current household income necessary perspective verifying redistributive function considered benefit main source gu household budget survey 1996 use medical care turn used basic measure redistributive benefit progressivity regressivity fragment text",
        "keywords": null,
        "url": "http://bazekon.icm.edu.pl/bazekon/element/bwmeta1.element.ekon-element-000171255017"
    },
    {
        "title": "impact progressivity regressivity social benefit direct tax distribution current household income poland",
        "authors": "Ewa Aksman",
        "year": "2003",
        "abstract": "aim article examine impact progressivity regressivity social benefit direct tax distribution current household income poland form basis evaluating redistributive function public finance country source gu household budget survey used basic measure progressivity regressivity mentioned financial instrument global local redistributive effect",
        "keywords": null,
        "url": "https://ceej.wne.uw.edu.pl/wp-content/uploads/2023/07/2003_9_Aksman.pdf"
    },
    {
        "title": "social benefit distributed effectively perspective redistributive function case european country",
        "authors": "Ewa Aksman",
        "year": "2022/8/31",
        "abstract": "identifies loss redistributive social benefit consequence inefficient allocation transfer applied methodology based lorenz curve along gini coefficient measure income distribution inequality first calculated increase redistributive social benefit would transfer allocated way minimize income inequality compared actual redistributive increase redistributive decomposed allowing partial isolation impact constant average benefit rate greater concentration benefit towards poorest entity elimination reranking new methodological approach applied concerning 15 european country represent different model",
        "keywords": null,
        "url": "https://polityka-spoleczna.ipiss.com.pl/article/01.3001.0016.0014/pl"
    },
    {
        "title": "social benefit distributed effectively term redistribution function case european country",
        "authors": "Ewa Aksman",
        "year": "2022/8/31",
        "abstract": "identifies loss redistributive social benefit consequently ineffective distribution transfer lorenz curve approach including gini coefficient income inequality measure applied firstly figured increase redistributive social benefit would transfer allocated way minimize income inequality compared actual redistributive outcome next gain transfer redistributive decomposed allowing partially isolate impact constant average benefit rate higher benefit concentration poor elimination reranking new methodological insight applied 15 eu country represent different welfare state regime taken income living condition line result obtained present social spending allocated according equalization gross income least income equalizing would roughly speaking twice higher reference equivalised income distribution based eurostat european union statistic income living condition rpp responsibility conclusion drawn lie entirely author",
        "keywords": null,
        "url": "https://polityka-spoleczna.ipiss.com.pl/article/01.3001.0016.0014/en"
    },
    {
        "title": "poverty income inequality affect public debt",
        "authors": "Ewa Aksman",
        "year": "2017/12/31",
        "abstract": "aim article examine impact poverty income inequality public debt european union country taking account dynamic nature explained variable measure absolute level poverty new comprehensive deprivation measure proposed allows distinguishing average extreme level phenomenon identifying income inequality disparity distribution market income considered factor likely affect government redistributive spending gini coefficient used dynamic panel estimated using lsdv estimator result show neither poverty income inequality statistically significant predictor public debt relation gdp due",
        "keywords": null,
        "url": "https://gnpje.sgh.waw.pl/Do-Poverty-and-Income-Inequality-Affect-Public-Debt-,100744,0,1.html"
    }
]