[
    {
        "title": "financial development income inequality",
        "authors": "Ewa Weychert",
        "year": "2020",
        "abstract": "analysis influence financial development income inequality throughout work one may find overview theoretical empirical literature well empirical using fixed panel method research try disentangle opposing view relationship finance income distribution evaluating impact different dimension financial development level income inequality important added value research usage quintiles income distribution dependent variable may help recognise financial development poorest richest another novelty consideration effect financial variable gini coefficient long short run main result using dataset 2003 2014 indicate financial access decrease income inequality",
        "keywords": null,
        "url": "https://www.ceeol.com/search/article-detail?id=973418"
    },
    {
        "title": "causal catastrophic health expenditure poverty poland",
        "authors": "Aleksandra Kolasa, Ewa Weychert",
        "year": "2024/3",
        "abstract": "medical expense crucial source health care financing number country ongoing population aging health care cost likely increase therefore disentangling relationship health care spending monetary poverty becoming increasingly important although extensive literature impoverishment medical payment lack empirical study causal relationship catastrophic health expenditure poverty try fill gap method estimate recursive bivariate probit model using polish household budget survey covering year 2010 2013 2016 control wide range factor endogeneity poverty catastrophic health expenditure result show causal relationship catastrophic health expenditure",
        "keywords": null,
        "url": "https://link.springer.com/article/10.1007/s10198-023-01579-6"
    }
]