[
    {
        "title": "international spillover quantitative easing",
        "authors": "Marcin Kolasa, Grzegorz Wesołowski",
        "year": "2020/4/14",
        "abstract": "develops asset market segmentation investigate effect quantitative easing implemented major central bank typical small open economy follows independent monetary policy able replicate key empirical fact emerging country response large scale asset purchase conducted abroad including inflow capital local sovereign bond market increase international comovement term premia change responsiveness exchange rate interest rate differential according simulation quantitative easing abroad boost domestic demand small economy undermines international competitiveness depresses aggregate output least short run contrast conventional monetary easing large economy positive spillover output country",
        "keywords": null,
        "url": "https://www.sciencedirect.com/science/article/pii/S0022199620300477"
    },
    {
        "title": "would paid eurozone",
        "authors": "Michał Brzoza-Brzezina, Krzysztof Makarski, Grzegorz Wesołowski",
        "year": "2014/8/1",
        "abstract": "giving independent monetary policy flexible exchange rate key aspect joining monetary union analyse joining euro area would affected polish business cycle recent financial crisis end construct small open economy dsge estimate poland euro area run counterfactual simulation assuming poland euro area accession 1q2007 result striking volatility gdp inflation increase substantially particular poland adopted euro gdp growth would oscillated 6 9 9 11 extreme assumption instead 1 7 conclude analysed period independent monetary policy particular flexible exchange rate played important stabilizing role polish economy",
        "keywords": null,
        "url": "https://www.sciencedirect.com/science/article/pii/S0264999314001345"
    },
    {
        "title": "three decade inflation targeting",
        "authors": "Magda Ciżkowicz-Pękała, Witold Grostal, Joanna Niedźwiedzińska, Elżbieta Skrzeszewska-Paczek, Ewa Stawasz-Grabowska, Grzegorz Wesołowski, Piotr Żuk",
        "year": "2019",
        "abstract": "abstract 6 7 inflation targeting monetary policy framework 13 rationale adopting inflation targeting regime 13 historical perspective inflation targeting regime 13 expansion inflation targeting monetary policy framework 18 main feature inflation targeting framework 20 key element inflation targeting 21 precondition effectiveness inflation targeting 24 inflation targeting central bank practice 29 recognising price stability primary objective monetary policy 29 public announcement numerical target inflation 30 transparency democratic accountability 34 composition body 36 inflation targeting exchange rate regime 39 major change inflation targeting framework 42 increasing monetary policy transparency 43 including financial stability consideration monetary policy framework 51",
        "keywords": null,
        "url": "https://nbp.pl/wp-content/uploads/2022/10/314_en.pdf"
    },
    {
        "title": "evolution inflation targeting strategy selected country",
        "authors": "Witold Grostal, Magda Ciżkowicz, Elżbieta Skrzeszewska-Paczek, Grzegorz Wesołowski, Joanna Niedźwiedzińska, Piotr Żuk",
        "year": "2015",
        "abstract": "collapse bretton wood system end convertibility u dollar gold international settlement early 1970s marked beginning period monetary instability worldwide 1970s many central bank pursued monetary policy encouraged economic activity however oil shock combined excessive monetary accommodation led high inflation unanchoring inflation expectation subsequent year attempt made fix exchange rate usually ended failure situation since 1970s major central bank tried stabilize value money controlling monetary aggregate due lack stable relationship monetary aggregate inflation well financial innovation made difficult accurately measure money supply strategy gain widespread acceptance context spread floating exchange rate limited success monetary strategy new monetary policy strategy emerged turn 1980s 1990s namely inflation targeting strategy main premise stabilize inflation level publicly announced inflation target absence intermediate target since 1990s country adopted strategy proved effective way ensure price stability allowing flexible response shock temporarily deviate inflation target first positive experience developed country conducting monetary policy within framework",
        "keywords": null,
        "url": "https://nbp.pl/wp-content/uploads/2022/11/ewolucja-strategii-celu-inflacyjnego.pdf"
    },
    {
        "title": "fed ecb monetary policy spillover emerging market economy",
        "authors": "Małgorzata Walerych, Grzegorz Wesołowski",
        "year": "2021/12/1",
        "abstract": "present evidence international spillover fed ecb conventional monetary policy emerging market economy emes global result come panel bayesian vector autoregressive bvar estimated emes control foreign central bank policy shock furthermore separate bvar central eastern european cee country show ecb main foreign central bank economy controlling shock fed counterpart play moderate role driving gdp price cee",
        "keywords": null,
        "url": "https://www.sciencedirect.com/science/article/pii/S0164070421000483"
    },
    {
        "title": "interest rate drive gdp inflation small open economy evidence poland",
        "authors": "Grzegorz Wesoƚowski",
        "year": "2018/12/8",
        "abstract": "article investigates impact interest rate macroeconomic variable small open economy show term premium stabilizes gdp without affecting significantly inflation volatility poland typical open economy flexible exchange rate conclusion drawn estimated dynamic stochastic general equilibrium segmented asset market imperfect asset substitutability give rise term premium interest rate furthermore impulse response reveals term premium stabilizes gdp small economy hit shock absent closed economy model country risk premium export preference point different impact term premium relatively close large open small economy",
        "keywords": null,
        "url": "https://www.tandfonline.com/doi/abs/10.1080/00036846.2018.1489507"
    },
    {
        "title": "role central bank communication environment",
        "authors": "Grzegorz Wesołowski, Piotr Żuk",
        "year": "2011",
        "abstract": "purpose following discus role communication monetary policy transmission mechanism based latest research issue section present development consensus central banking regarding role communication transparency central bank historical perspective section ii selected communication tool among currently discussed literature central bank influence environment discussed section iii provides overview recently published research paper impact central bank communication asset price financial market mainly interest rate turn section iv present latest literature impact communication formation inflation expectation section v contains conclusion",
        "keywords": null,
        "url": "https://nbp.pl/wp-content/uploads/2022/11/BCI_komunikacja.pdf"
    },
    {
        "title": "quantitative easing u financial cycle emerging market",
        "authors": "Marcin Kolasa, Grzegorz Wesołowski",
        "year": "2023/4/1",
        "abstract": "large international capital movement tend associated strong fluctuation asset price credit contributing domestic financial cycle posing challenge stabilization policy especially emerging market economy argue challenge particularly severe global financial cycle driven quantitative easing qe u local banking sector large holding government bond like many latin american la country first investigate empirically impact typical round qe u fed la economy finding persistent expansion credit household house price well significant loss price competitiveness next develop quantitative macroeconomic small open economy segmented asset market bank account observation framework foreign qe",
        "keywords": null,
        "url": "https://www.sciencedirect.com/science/article/pii/S0165188923000374"
    },
    {
        "title": "negative bond term new challenge polish conventional monetary policy",
        "authors": "Juliusz Jablecki, Andrzej Raczko, Grzegorz Wesolowski",
        "year": "2016/11",
        "abstract": "euro area ponders another round quantitative easing poland monetary policy remains stubbornly conventional although nbp monetary policy council delivered monetary easing cycle policy rate poland remain many peer notably largest trading euro area seek explain motif behind nbp strategy presenting view price stability economic growth development shape rate policy addition argue exceptionally low inflation euro area relaxed monetary range interest rate small open economy fully dependent domestic level rate specifically using formal term structure show poland bond term premium driven negative level foreign investor context restricted supply treasury reduced uncertainty future path rate result yield fallen expected path future rate adding monetary stimulus even policy rate remain unchanged",
        "keywords": null,
        "url": "https://papers.ssrn.com/sol3/papers.cfm?abstract_id=2872113"
    },
    {
        "title": "alternative monetary policy strategy",
        "authors": "Witold Grostal, Juliusz Jabłecki, Patrycja Beniak, Magda Ciżkowicz-Pękała, Elżbieta Skrzeszewska-Paczek, Grzegorz Wesołowski, Piotr Żuk",
        "year": "2016",
        "abstract": "condition application strategy 26 challenge related strategy communication 26 nature inflation expectation 27 previous experience 27 sweden 1930s 27 price stability selected economy plt 29 evaluation strategy 32",
        "keywords": null,
        "url": "https://nbp.pl/wp-content/uploads/2022/11/Alternatywne_Strategie_PP.pdf"
    },
    {
        "title": "recent advance literature capital flow management",
        "authors": "Roland Beck, Beatrice Scheubel, Axel Brüggemann, Isabella Moder, Alberto Fuentes, Joel Graça Alves, Lilian Kreitz, Luis Molina Sánchez, Floriane Van Den, Carlijn Eijking, Markus Eller, Clément Marsilli, Alain Naef, Valerio Nispi Landi, Anastasia Theofilakou, Grzegorz Wesolowski, Juan Carlos Berganza, Rafael Cezar",
        "year": "2023/6",
        "abstract": "large swing capital flow consequence domestic stability open channel transmission shock spillover across economy including euro area backdrop present review new evidence effectiveness capital flow management policy achieving macroeconomic financial stability particular attention paid literature used international monetary fund imf underpin integrated policy framework role monetary exchange rate macroprudential capital flow management policy considered jointly literature published since global financial crisis continues affirm effectiveness capital flow management measure cfms addressing financial stability risk resulting capital flow reversal time however also continues underscore policy substitute warranted economic adjustment structural reform even recent literature also provides case considering certain circumstance precautionary cfms could applied capital inflow prevent cycle set motion also highlight need work effect precautionary instrument well joint use monetary policy instrument regarding capital flow management policy within domain central bank literature point usefulness foreign exchange intervention fxis mitigating financial stability risk country specific characteristic currency",
        "keywords": null,
        "url": "https://papers.ssrn.com/sol3/papers.cfm?abstract_id=4487851"
    },
    {
        "title": "strategy targeting nominal gdp alternative inflation targeting strategy",
        "authors": "Joanna Niedźwiedzińska, Grzegorz Wesołowski",
        "year": "2012",
        "abstract": "persistence slowdown economic activity since outbreak financial economic crisis led renewed discussion optimal monetary policy strategy approach quite often proposed alternative currently widespread inflation targeting strategy strategy similar establishment target nominal gdp would enable creation institutional framework monetary policy easing would contribute revival economic growth especially economy struggling zero lower bound problem interest rate despite argument central bank yet decided officially implement strategy theoretical study also indicate superiority nominal gdp target strategy exceptional circumstance general flexible inflation targeting strategy yield better result term price output stability note analyzes nominal gdp target strategy compare inflation targeting strategy point potential advantage disadvantage",
        "keywords": null,
        "url": "https://nbp.pl/wp-content/uploads/2022/11/BCI_2012_NGDP.pdf"
    },
    {
        "title": "matter fed go conventional unconventional",
        "authors": "Marcin Kolasa, Grzegorz Wesołowski",
        "year": "2024",
        "abstract": "investigate domestic international consequence three type fed monetary policy instrument conventional interest rate ir forward guidance fg large scale asset purchase lsap document empirically seen close substitute used meet macroeconomic stabilization objective u markedly different spillover country three monetary policy instrument transmits differently asset price exchange rate small open economy lsap fed lower term premia u country result bigger exchange rate adjustment compared conventional policy importantly international spillover lsap typically associated accommodative reaction country monetary authority especially emerging market economy demonstrate finding rationalized within stylized dynamic theoretical framework featuring simple form international bond market segmentation",
        "keywords": null,
        "url": "https://www.wne.uw.edu.pl/application/files/5017/0436/3955/WNE_WP437.pdf"
    },
    {
        "title": "international information flow sentiment business cycle fluctuation",
        "authors": "Michał Brzoza‐Brzezina, Jacek Kotłowski, Grzegorz Wesołowski",
        "year": "2022/9",
        "abstract": "business cycle strongly correlated country one possible explanation beyond traditional economic linkage like trade finance consumer business sentiment spread border affect cyclical fluctuation various country first lend empirical support concept showing sentiment travel fast country probably directly via information flow embed idea structural new keynesian framework noisy information available internationally generate cyclical fluctuation comovement gdp consumption investment inflation country estimation u canadian reveals significant role u noise shock generating common fluctuation explain 20 consumption variance u canada raise correlation variable unity period",
        "keywords": null,
        "url": "https://onlinelibrary.wiley.com/doi/abs/10.1111/roie.12597"
    },
    {
        "title": "great lockdown information noise macroeconomic fluctuation",
        "authors": "Michał Brzoza-Brzezina, Grzegorz Wesołowski",
        "year": "2023/6",
        "abstract": "argues actual lockdown affect economy also noisy information construct new keynesian imperfect information long lockdown would last one hand false signal lockdown lower consumption investment employment output quantitatively sizable hand true information lockdown introduced also misinterpreted hence cause impact agent decision quantitatively different one desired authority extent latter less noisy information future lockdown private sector reduce undesired fluctuation precisely communicating lockdown policy importantly circumstance radical improvement information precision successful",
        "keywords": null,
        "url": "https://www.cambridge.org/core/journals/macroeconomic-dynamics/article/great-lockdown-information-noise-and-macroeconomic-fluctuations/6D7BA3E54031DB773AC53BE07A647046"
    },
    {
        "title": "monetary policy transmission mechanism poland know 2023",
        "authors": "Michał Greszta, Marcin Humanicki, Mariusz Kapuściński, Tomasz Kleszcz, Andrzej Kocięcki, Jacek Kotłowski, Michał Ledóchowski, Michał Łesyk, Tomasz Łyziak, Mateusz Pipień, Piotr Popowski, Ewa Stanisławska, Karol Szafranek, Grzegorz Szafrański, Dorota Ścibisz, Grzegorz Wesołowski, Ewa Wróbel",
        "year": "2023",
        "abstract": "report present current body knowledge monetary transmission mechanism poland presented finding confirm impact interest rate range macroeconomic variable indicating particular following monetary policy tightening ceteris paribus appreciation domestic currency lag decrease volume credit economic activity inflation",
        "keywords": null,
        "url": "https://ideas.repec.org/p/nbp/nbpmis/365.html"
    },
    {
        "title": "monetary policy house price volatility",
        "authors": "Grzegorz Wesołowski",
        "year": "2021",
        "abstract": "house price special importance monetary policy since sudden fall usually associated credit crunch followed painful recession despite several spectacular episode event time house price exhibit growth trend little volatility around argued pattern new normal show central bank following view would increase volatility inflation output compared policy assumes high volatility house price former case monetary authority would conduct accommodative monetary policy abrupt house price expansion significantly increasing output inflation fluctuation latter situation turn policy would work well irrespective realized house price volatility",
        "keywords": null,
        "url": "https://journals.pan.pl/Content/121631/mainFile.pdf"
    },
    {
        "title": "business cycle implication banking system heterogeneity complexity",
        "authors": "Oliver De Groot, Grzegorz Wesołowski",
        "year": "2020",
        "abstract": "investigate business cycle implication banking system complexity bank heterogeneity individual leverage show complex banking network generates higher individual bank leverage increase economic volatility build general equilibrium business cycle three type bank deposittaking intermediary lending keeping constant aggregate leverage banking system vary individual leverage show increase lending bank leverage increase cost business cycle fluctuation argue mitigated policymakers taxing return lending bank",
        "keywords": null,
        "url": "https://nbp.pl/wp-content/uploads/2022/10/330_en.pdf"
    }
]