[
    {
        "title": "impact basel capital requirement bank behavior efficacy monetary policy",
        "authors": "Juliusz Jablecki",
        "year": "2009",
        "abstract": "attempt investigate influence 1988 basel accord bank behavior monetary policy argued accord successful forced commercial bank country maintain higher capital ratio tentative research suggests however least among american bank accord also encouraged widespread resort regulatory capital arbitrage technique particular securitization also review literature transmission mechanism monetary policy show basel accord affected bank lending channel",
        "keywords": null,
        "url": "https://www.ceeol.com/search/article-detail?id=167031"
    },
    {
        "title": "optimal width central bank standing facility corridor bank liquidity management",
        "authors": "Ulrich Bindseil, Juliusz Jabłecki",
        "year": "2011",
        "abstract": "containing volatility overnight interest rate normally considered main objective central bank standing facility develops simple stochastic show width central bank standing facility corridor affect bank liquidity management volatility overnight rate shown wider corridor greater interbank turnover leaner central bank balance sheet lower average recourse standing facility greater interest rate volatility obtained relationship matched central bank preference obtain optimal corridor width tested euro area hungarian daily encompassing financial crisis began 2007",
        "keywords": null,
        "url": "https://www.econstor.eu/handle/10419/153784"
    },
    {
        "title": "regulated meltdown 2008",
        "authors": "Juliusz Jabłecki, Mateusz Machaj",
        "year": "2009/1/1",
        "abstract": "capital regulation stemming basel accord created incentive bank securitize mortgage even risky one hold correspondingly low basel risk weight shift bank balance sheet obtain even greater leverage securitization praised economist regulator dispersing risk investor across world providing greater resilience financial system however since reality bank tended hold onto securitized balance sheet accumulated credit risk remained bank especially shadow banking explains heightened vulnerability financial system sudden collapse",
        "keywords": null,
        "url": "https://www.tandfonline.com/doi/abs/10.1080/08913810902974899"
    },
    {
        "title": "central bank liquidity provision economic efficiency",
        "authors": "Ulrich Bindseil, Juliusz Jabłecki",
        "year": "2013",
        "abstract": "lehman default also euro area sovereign debt crisis central bank tended extend ability bank take recourse central bank credit operation change collateral framework cgfs 2008 consistence previous narrative bagehot 1873 provide simple four sector economy illustrate relevant derive optimal central bank collateral policy show financial crisis liquidity shock become erratic total cost default increase central bank may want allow greater potential recourse bank central bank credit also illustrates credit riskiness counterparties issuer endogenous central bank credit policy related risk control framework finally allows identifying circumstance counterintuitive case arises relaxation central bank collateral policy may reduce expected loss",
        "keywords": null,
        "url": "https://www.econstor.eu/handle/10419/153975"
    },
    {
        "title": "structural central bank operation bank intermediation",
        "authors": "Ulrich Bindseil, Juliusz Jablecki",
        "year": "2011/3/8",
        "abstract": "banking system modeled closed system financial account whereby equilibrium volume bank intermediation household corporates reflects structural parameter household preference comparative cost structure heterogeneous bank loan demand corporates difference borrowing rate deposit facility rate central bank also allows understanding link difference width central bank standing facility corridor stance monetary policy link change financial crisis shown narrowing standing facility corridor make accommodating stance monetary policy financial crisis",
        "keywords": null,
        "url": "https://papers.ssrn.com/sol3/papers.cfm?abstract_id=1781030"
    },
    {
        "title": "local volatility formula interest rate swaptions",
        "authors": "Dong Qu Dariusz Gatarek, Juliusz Jabłecki",
        "year": "2016/2",
        "abstract": null,
        "keywords": null,
        "url": "https://scholar.google.com/scholar?cluster=10738280170646814178&hl=en&oi=scholarr"
    },
    {
        "title": "volatility asset class obvious benefit hidden risk",
        "authors": "Juliusz Jablecki, Ryszard Kokoszczynski, Pawel Sakowski",
        "year": "2015",
        "abstract": null,
        "keywords": null,
        "url": "https://scholar.google.com/scholar?cluster=2365695509980457434&hl=en&oi=scholarr"
    },
    {
        "title": "european crisis failure regulation",
        "authors": "Juliusz Jabłecki",
        "year": "2012/3/1",
        "abstract": "recent scholarship underscored possibility regulation may contributed 2008 financial crisis privileging highly rated security security regulation gave even privileged position sovereign debt leading question whether helped cause european crisis little question regulation encouraged european bank invest european government bond appear encouragement led government borrowing significantly reducing yield government needed pay debt however appear liquidity sovereign risk european banking system aggravating problem requiring government bailouts turn",
        "keywords": null,
        "url": "https://www.tandfonline.com/doi/abs/10.1080/08913811.2012.684469"
    },
    {
        "title": "regulated meltdown basel rule bank leverage",
        "authors": "Juliusz Jablecki, Mateusz Machaj",
        "year": "2011",
        "abstract": null,
        "keywords": null,
        "url": "https://scholar.google.com/scholar?cluster=11437576247936126578&hl=en&oi=scholarr"
    },
    {
        "title": "negative bond term new challenge polish conventional monetary policy",
        "authors": "Juliusz Jablecki, Andrzej Raczko, Grzegorz Wesolowski",
        "year": "2016/11",
        "abstract": "euro area ponders another round quantitative easing poland monetary policy remains stubbornly conventional although nbp monetary policy council delivered monetary easing cycle policy rate poland remain many peer notably largest trading euro area seek explain motif behind nbp strategy presenting view price stability economic growth development shape rate policy addition argue exceptionally low inflation euro area relaxed monetary range interest rate small open economy fully dependent domestic level rate specifically using formal term structure show poland bond term premium driven negative level foreign investor context restricted supply treasury reduced uncertainty future path rate result yield fallen expected path future rate adding monetary stimulus even policy rate remain unchanged",
        "keywords": null,
        "url": "https://papers.ssrn.com/sol3/papers.cfm?abstract_id=2872113"
    },
    {
        "title": "alternative monetary policy strategy",
        "authors": "Witold Grostal, Juliusz Jabłecki, Patrycja Beniak, Magda Ciżkowicz-Pękała, Elżbieta Skrzeszewska-Paczek, Grzegorz Wesołowski, Piotr Żuk",
        "year": "2016",
        "abstract": "condition application strategy 26 challenge related strategy communication 26 nature inflation expectation 27 previous experience 27 sweden 1930s 27 price stability selected economy plt 29 evaluation strategy 32",
        "keywords": null,
        "url": "https://nbp.pl/wp-content/uploads/2022/11/Alternatywne_Strategie_PP.pdf"
    },
    {
        "title": "show money institutional aspect monetary policy implementation render money supply endogenous",
        "authors": "Juliusz Jabłecki",
        "year": "2010",
        "abstract": "present historical account evolution modern financial system argued money supply exogenous part history demise gold standard development central banking rendered endogenous supported review monetary policy implementation framework national bank poland causality test result show degree banking system liquidity credit expansion decade",
        "keywords": null,
        "url": "https://www.bankandcredit.nbp.pl/content/2010/03/bik_03_2010_02_art.pdf"
    },
    {
        "title": "nonparametric local volatility swaptions smile",
        "authors": "Dariusz Gatarek, Juliusz Jablecki",
        "year": "2017/8/23",
        "abstract": "propose nonparametric local volatility cheyette apply pricing interest rate swaptions concretely given market price swaptions show construct unique diffusion process consistent price link resulting local volatility dynamic entire interest rate curve preserve completeness allows consistent pricing illiquid exotic interest rate product relatively straightforward implement calibrate less involved stochastic volatility approach",
        "keywords": null,
        "url": "https://papers.ssrn.com/sol3/papers.cfm?abstract_id=3024493"
    },
    {
        "title": "financial crisis retrospect case misunderstood interdependence",
        "authors": "Juliusz Jabłecki",
        "year": "2016/10/1",
        "abstract": "inherent complexity modern financial system basis human behavior make hard establish unequivocally global financial crisis however almost decade know enough discard much meantime become folk wisdom cause debacle including wall street bonus culture banker greed moral hazard big fail government intervention much government deregulation enough government factor may played role crisis much accurately described one ignorance malevolence common thread tying emergence bubble disastrous consequence bursting misunderstanding correlation causation link three key domain economic policy financial modeling regulatory",
        "keywords": null,
        "url": "https://www.tandfonline.com/doi/abs/10.1080/08913811.2016.1254320"
    },
    {
        "title": "modeling joint default instrument",
        "authors": "Dariusz Gatarek, Juliusz Jablecki",
        "year": "2016/8/23",
        "abstract": "present simple joint default show applied pricing instrument sensitive credit correlation simple repos collateralized debt obligation relies conservative intuitive representation systematic factor chain dependency running whole economy allows capturing concentration default time endogenously produce dynamic default correlation output rather input",
        "keywords": null,
        "url": "https://papers.ssrn.com/sol3/papers.cfm?abstract_id=2828130"
    },
    {
        "title": "simple correlated default application repo portfolio",
        "authors": "Dariusz Gatarek, Juliusz Jablecki",
        "year": "2015/12/1",
        "abstract": "credit risk exposure cash provider repo transaction limited default event counterparty issuer underlying collateral asset default short period time article present new intuitive modeling correlated default key driver residual credit risk repo portfolio default time counterparties collateral issuer determined idiosyncratic systematic factor whereby name default struck either factor first time novelty approach lie representing systematic factor increasing sequence random variable setting allows u precisely capture clustering default time build rich dependence structure free flaw inherent gaussian approach still widely used portfolio credit risk application thanks general",
        "keywords": null,
        "url": "https://search.proquest.com/openview/00b5dc7bb330fbbd55775829c158a5f5/1?pq-origsite=gscholar&cbl=32822"
    },
    {
        "title": "well good elusive quest green bond return",
        "authors": "Juliusz Jabłecki",
        "year": "2023/3/1",
        "abstract": "order facilitate transition economic growth burgeoning new green finance market developed providing ample opportunity increasingly investor using u euro corporate bond universe article seek analyze quantify investment relevance green bond label available empirical evidence point three tentative conclusion labeled bond tend trade slightly tighter spread conventional counterpart however turn matter explaining total return typical measure systematic credit risk taken account ii contrary common assertion green bond overall weather march 2020 significantly better nongreen peer difference performance select green index wider market benchmark",
        "keywords": null,
        "url": "https://search.ebscohost.com/login.aspx?direct=true&profile=ehost&scope=site&authtype=crawler&jrnl=26931982&AN=169648734&h=XcWVKNJUrOuLny1dJqrU57MedcQcOsQwgwDgBHwAwveXF9orA2Hh16vTv4qmR3YLVQXcTX5IrpjVjLqq%2BqQoAg%3D%3D&crl=c"
    },
    {
        "title": "towards general local volatility asset class",
        "authors": "Dariusz Gatarek, Juliusz Jabłecki",
        "year": "2019/10/1",
        "abstract": "author propose unified approach local volatility modeling encompassing asset class straightforward application equity interest rate underlyings specifically consider local volatility margrabe 1978 option general condition underlying dynamic follow itô process derive local volatility formula show many standard equity fx interest rate seen particular example payoff allows analyze equity interest rate instrument example special case general local volatility rather two separate model derive markovian projection general approximate local volatility diffusion margrabe option underlying finally discus specific application",
        "keywords": null,
        "url": "https://search.proquest.com/openview/cc6544517967e181ed3c2237eecac84c/1?pq-origsite=gscholar&cbl=32822"
    },
    {
        "title": "measurement modeling literature review",
        "authors": "Juliusz Jabłecki, Ryszard Kokoszczyński, Paweł Sakowski, Robert Ślepaczuk, Piotr Wójcik",
        "year": "2012",
        "abstract": "present overview literature volatility measurment modeling forecasting perspective option pricing following conclusion drawn first efficiency volatility estimation utilizes intraday measurmes realized volatility sum squared return calculated short g time interval realized range second volatility lends least forecasting efficient forecast extracted option price quoted marked square basic theory forecasting market expectation based broader set information time series forecast third althought opinion pricing theory derived assumption constant volatility approach fairly easily generalised cover case time demendent time asset price dependent even stochastic volatility model allows capture key element empirically observed pattern market return allows constructing hedged option position lead differential equation determining option price specified boundry condition although always closed form",
        "keywords": null,
        "url": "https://www.infona.pl/resource/bwmeta1.element.desklight-c87429dd-2bbf-4f95-8d8e-929e69bc2a70"
    },
    {
        "title": "rise fall synthetic cdo market lesson learned",
        "authors": "JULIUSZ JABłECKI",
        "year": "2017/12/23",
        "abstract": "us unique set 1000 synthetic collateralized debt obligation cdos deal describe typical structure pricing performance aim identifying factor behind spectacular collapse important segment structured credit market late suggests loss many synthetic cdo tranche much significant case simpler product despite former experiencing little impairment notional loss driven instead concentration relatively limited number default short period time suggesting pricing must seriously underestimated risk default clustering view synthetic cdo issuance attempt heed lesson offer simple factor default correlation spirit",
        "keywords": null,
        "url": "https://www.worldscientific.com/doi/abs/10.1142/S0219024917500522"
    }
]