[
    {
        "title": "government support private innovation matter evidence two country",
        "authors": "Vedat Sinan Szczygielski, Krzysztof & Grabowski, Wojciech & Pamukcu, Mehmet Teoman & Tandogan",
        "year": "2017",
        "abstract": "turkey poland two country represent similar level economic development recent year government country sought improve innovation performance company increasingly offering grant innovation activity analyze institutional framework policy formulated implemented assess efficiency looking 2010 innovation survey find government aid r activity contributed better innovation performance firm country contrast grant physical human capital upgrading poland inefficient fostering innovation fact may actually impeded policy conclusion call country relatively institution suggested",
        "keywords": null,
        "url": "https://www.sciencedirect.com/science/article/pii/S004873331630172X"
    },
    {
        "title": "innovation export performance evidence poland",
        "authors": "Krzysztof Cieslik, Andrzej and Michalek, Jan Jakub and Szczygielski",
        "year": "2016",
        "abstract": "objective main objective article empirical relationship innovation export performance polish firm research design method analytical framework refers recent strand new trade theory literature based melitz 2003 stress role firm heterogeneity importance firm productivity entering export market treat innovation key element increase level productivity significance product process innovation empirical implementation theoretical framework based probit unique polish ci dataset covering period finding estimation result indicate probability exporting positively related product process innovation firm size share graduate productive employment",
        "keywords": null,
        "url": "https://www.ceeol.com/search/article-detail?id=464238"
    },
    {
        "title": "innovation growth service company variety firm activity industry effect",
        "authors": "and Richard Woodward Krzysztof Szczygielski, Wojciech Grabowski",
        "year": "2017",
        "abstract": "examines relationship innovation performance employment growth firm taking closer look specific innovation activity industry effect context service sector ci polish service firm analysed using robust result indicate effect product process organisational innovation depend strongly level technological opportunity industry question given widely acknowledged role marketing innovation service possible synergy innovation form new product new marketing technique also analysed demonstrate marketing innovation conducive firm growth complement product innovation less likely foster growth applied isolation",
        "keywords": null,
        "url": "https://www.tandfonline.com/doi/abs/10.1080/13662716.2016.1232191"
    },
    {
        "title": "matter firm participation global value chain central east european country",
        "authors": "Andrzej Cieślik, Jan Jakub Michałek, Krzysztof Szczygielski",
        "year": "2019/9/30",
        "abstract": "research background extensive body literature growing importance global value chain gvcs developed emerging economy literature argues gvcs significantly affect international trade pattern open new possibility participating economy increase export quantity quality acquire advanced production technology improve overall economic performance however empirical evidence central east european cee country especially firm level still relatively scarce majority existing empirical study gvcs cee country based sectoral purpose article article determinant firm participation gvcs using beep 29 cee country hypothesize larger productive innovative firm",
        "keywords": null,
        "url": "https://www.ceeol.com/search/article-detail?id=898896"
    },
    {
        "title": "government support private innovation matter evidence turkey poland",
        "authors": "Wojciech Grabowski, Teoman Pamukcu, Krzysztof Szczygielski, Sinan Tandogan",
        "year": "2013",
        "abstract": "aim project analyze government support innovation comparative perspective first examining main existing instrument financial support innovation turkey poland secondly assess effectiveness applying recent econometric technique country obtained community innovation survey ci comparing turkey poland meaningful promising point view country comparable term level economic development technological capability ability economy create knowledge exploit commercially undergone deep reform last decade turkey since 1980 poland since 1989 resulting significant economy however possibility growth based structural change eliminating obstacle business shrinking problem building economy come fore",
        "keywords": null,
        "url": "https://www.econstor.eu/handle/10419/128263"
    },
    {
        "title": "unit export value correct measure export quality",
        "authors": "Krzysztof Szczygielski, Wojciech Grabowski",
        "year": "2012/7/1",
        "abstract": "become common measure quality export using unit export value uev application method include study trade iit analysis industrial literature seems assume export quality export price natural interpretation uev merely correlated follow put assumption scrutiny theoretical empirical point view term theory formalize assumption hypothesis proportionality equilibrium price equilibrium quality discus several case hypothesis theoretically doubtful nonlinear utility cost function strong asymmetric horizontal product differentiation also suggest method verifying hypothesis case easily rejected theoretically method applied",
        "keywords": null,
        "url": "https://www.sciencedirect.com/science/article/pii/S0264999312000648"
    },
    {
        "title": "assessment possibility improving functioning polish healthcare system",
        "authors": "Iga Magda, K Szczygielski",
        "year": "2011",
        "abstract": "backdrop various proposal change emerge many relate issue healthcare financing particularly issue direct expenditure health insurance system idea liquidation division national health fund return sickness fund system return supply system medical service organization market additional health insurance basing part primary healthcare private insurance cited relatively proposal concretized nevertheless even level slogan cover entire spectrum possible solution time convincing argument specific solution rarely appear discussion",
        "keywords": null,
        "url": "https://www.pcworld.pl/g1/news/g1.idg.pl/pr/docs/raportocenamozliwoscipoprawysystemuochronyzdrowia.pdf"
    },
    {
        "title": "innovation strategy productivity polish service sector",
        "authors": "Krzysztof Szczygielski, Wojciech Grabowski",
        "year": "2014/1/2",
        "abstract": "industry research innovation productivity long limited manufacturing article aim contribute stream literature seek extend scope investigation service sector end analyse innovation strategy several service sector poland examine relationship productivity result show service firm differ considerably innovation strategy strategy lead productivity gain",
        "keywords": null,
        "url": "https://www.tandfonline.com/doi/abs/10.1080/14631377.2014.874226"
    },
    {
        "title": "evaluation benefit country resulting implementation cohesion policy visegrad group country",
        "authors": "Julian Zawistowski, P Bartkiewicz, E Cukrowska, J Gębska, A Regulski, M Zub, P Rosik, K Szczygielski, A Szpor, P Kowal, M Bukowski, M Antosiewicz",
        "year": "2011",
        "abstract": null,
        "keywords": null,
        "url": "https://scholar.google.com/scholar?cluster=9121644689784017201&hl=en&oi=scholarr"
    },
    {
        "title": "service sector innovation measure",
        "authors": "Krzysztof Szczygielski",
        "year": "2011",
        "abstract": "service dominate advanced economy service innovation still underresearched topic one reason definitional measurement difficulty goal highlight reviewing recent literature assess current state knowledge challenge theoretical approach empirical technique selected empirical result discussed apparently biggest challenge point create unified conceptual framework would encompass manufacturing ad service meeting challenge however difficult given strong focus manufacturing literature way enterprise survey designed",
        "keywords": null,
        "url": "https://papers.ssrn.com/sol3/papers.cfm?abstract_id=1761334"
    },
    {
        "title": "matter firm participation global value chain central east european country",
        "authors": "Andrzej Cieslik, Jan Jakub Michalek, Krzysztof Szczygielski",
        "year": "2019",
        "abstract": "research background extensive body literature growing importance global value chain gvcs developed emerging economy literature argues gvcs significantly affect international trade pattern open new possibility participating economy increase export quantity quality acquire advanced production technology improve overall economic performance however empirical evidence central east european cee country especially firm level still relatively scarce majority existing empirical study gvcs cee country based sectoral purpose article article determinant firm participation gvcs using beep 29 cee country hypothesize larger productive innovative firm producing limited range product employing skilled worker likely involved gvcs method intensity participation gvcs measured usage imported input intensity export empirical us beep set period probit estimation method finding value added assembled empirical evidence generally support hypothesis addition find firm participate gvcs smaller range product mean concentrate core competency particular find eu membership may facilitate participation gvcs especially smaller firm cee country article",
        "keywords": null,
        "url": "https://ideas.repec.org/a/pes/ierequ/v14y2019i3p481-502.html"
    },
    {
        "title": "role technology service sector performance",
        "authors": "Irene Bertschek, B Engelsatter, Krzysztof Szczygielski",
        "year": "2010",
        "abstract": null,
        "keywords": null,
        "url": "https://scholar.google.com/scholar?cluster=6188398663080053794&hl=en&oi=scholarr"
    },
    {
        "title": "biotechnology sector latecomer country case poland",
        "authors": "Krzysztof Szczygielski, Jacek Lewkowicz, Jan Jakub Michałek",
        "year": "2022/5/25",
        "abstract": "offer detailed innovation strategy exporting activity employment sale dynamic polish biotechnology company based unique dataset provided three run polish edition community innovation survey ci poland latecomer biotechnology industry central eastern european country ceecs addition polish biotechnology sector faced relatively unfavorable starting condition partner pharmaceutical industry unlike ceecs little government support nevertheless biotechnology company developed several polish industry shown company implement innovation strategy typical biotechnology sector however cooperate much client innovation expenditure biotechnology company",
        "keywords": null,
        "url": "https://www.sciencedirect.com/science/article/pii/S1871678422000085"
    },
    {
        "title": "social preference native inhabitant decision many asylum seeker admit",
        "authors": "Oded Stark, Marcin Jakubek, Krzysztof Szczygielski",
        "year": "2020/2",
        "abstract": "consider policy admitting integrating asylum seeker country income native inhabitant differentiated sake simplicity assume two group native inhabitant native native consequence social preference latter experience disutility caused relative deprivation integrating asylum seeker mainstream labor force thereby income distribution native population reduces relative deprivation native admitting integrating asylum seeker socially beneficial derive optimal number asylum seeker maximizing native social welfare function incorporates consideration find long cost admission integration exceptionally high number strictly",
        "keywords": null,
        "url": "https://link.springer.com/article/10.1007/s10290-019-00355-0"
    },
    {
        "title": "community cohesion assimilation equilibrium",
        "authors": "Oded Stark, Marcin Jakubek, Krzysztof Szczygielski",
        "year": "2018/9/1",
        "abstract": "assimilation behavior group migrant live city populated native inhabitant conceptualize group community city social space assimilation increase productivity migrant consequently earnings however assimilation also brings migrant closer social space richer native inhabitant proximity subject migrant relative deprivation consider community migrant whose member equilibrium level assimilation chosen result maximization utility function argument income cost assimilation effort measure relative deprivation ask vulnerable assimilation equilibrium appearance mutant member community exogenously endowed superior capacity assimilate mutant act enhanced",
        "keywords": null,
        "url": "https://www.sciencedirect.com/science/article/pii/S0094119018300342"
    },
    {
        "title": "impact foreign trade polish labor market",
        "authors": "Krzysztof Szczygielski",
        "year": "2001",
        "abstract": "article discusses theoretical aspect relationship foreign trade labor market attempt answer two question poland import unemployment foreign trade affect increase wage inequality country original abstract",
        "keywords": null,
        "url": "http://bazekon.icm.edu.pl/bazekon/element/bwmeta1.element.ekon-element-000000113757"
    },
    {
        "title": "direct versus indirect export europe central asia role innovation activity internationalization",
        "authors": "Andrzej Cieślik, Jan Jakub Michałek, Krzysztof Szczygielski",
        "year": "2024/1/2",
        "abstract": "distinction direct indirect exporting increasingly stressed recent advance theory empirics international trade particular prior literature suggests hierarchy exporting decision determined firm productivity use wide group country investigate characteristic firm explain choice export mode find firm internationalization firm size per worker revenue linked exporting decision way consistent lu et al relationship innovation performance complex",
        "keywords": null,
        "url": "https://www.tandfonline.com/doi/abs/10.1080/00128775.2022.2164510"
    },
    {
        "title": "adverse social welfare doubly gainful trade",
        "authors": "Oded Stark, Ewa Zawojska, Wilhelm Kohler, Krzysztof Szczygielski",
        "year": "2018/11/1",
        "abstract": "acknowledging individual distaste low relative income render trade less appealing trade viewed technology integrates economy merging separate social sphere one define trembling trade situation gain trade overtaken loss relative income result global social welfare reduced constructive example reveals trembling trade arise even trade doubly gainful increase income every individual narrow income gap trading population",
        "keywords": null,
        "url": "https://www.sciencedirect.com/science/article/pii/S0304387818302803"
    },
    {
        "title": "process structural change polish manufacturing characteristic factor",
        "authors": "Krzysztof Marczewski, Krzysztof Szczygielski",
        "year": "2005",
        "abstract": "analysis characteristic factor change structure employment sale value added polish manufacturing branch defined 3rd level nomenclature also includes change structure employment four selected industry suggests poland undergone considerable structural change important factor change domestic demand pattern change domestic market share polish producer evidenced rank correlation econometric role factor particular demand share polish branch market depends partly subperiod consideration however measured relative unit labour cost matter change structure value added throughout",
        "keywords": null,
        "url": "https://scholar.google.com/scholar?cluster=13625279893201984637&hl=en&oi=scholarr"
    },
    {
        "title": "foreign ownership gvc participation determinant innovation activity",
        "authors": "Andrzej Cieślik, Jan Jakub Michałek, Krzysztof Szczygielski, Jacek Lewkowicz, Jerzy Mycielski",
        "year": "2021",
        "abstract": "relationship foreign firm ownership innovation activity wide group west european central east european country based dataset including firm covered 2014 edition community innovation survey examine role host country effect firm decision introduce various form innovation addition identify group firm specialize exporting interpret participant hierarchic global value chain organized multinational enterprise show foreign direct investment especially germany positively associated innovation opposite observed case hierarchic global value chain participant negative impact global value chain innovation pronounced affiliate located central east european country",
        "keywords": null,
        "url": "https://journals.pan.pl/Content/119752/4_2_2021.pdf"
    }
]