[
    {
        "title": "impact 1999 education reform poland",
        "authors": "Maciej Jakubowski, Harry A Patrinos, Emilio Ernesto Porta, Jerzy Wisniewski",
        "year": "2010/4/1",
        "abstract": "increasing share vocational secondary schooling mainstay development policy decade perhaps nowhere formerly socialist country transition however led significant restructuring school system including declining share vocational student exposing student general curriculum could improve academic ability analyzes poland significant improvement international achievement test restructuring education system expanded general schooling test hypothesis delayed vocational streaming improves outcome using propensity score matching estimate author show delayed vocationalization positive significant impact student performance order one standard deviation",
        "keywords": null,
        "url": "https://papers.ssrn.com/sol3/papers.cfm?abstract_id=1585062"
    },
    {
        "title": "disparity academic achievement comparative mechanism pathway",
        "authors": "Artur Pokropek, Francesca Borgonovi, Maciej Jakubowski",
        "year": "2015/8/1",
        "abstract": "research educational outcome conceptualizes condition multidimensional construct quantitative empirical investigation generally based single composite indicator however use single composite indicator reveal mechanism determine inequality use multigroup confirmatory factor alignment optimization establish comparable index condition used structural equation modeling disentangle impact various dimension condition academic performance comparative perspective pisa 2012 reveals country difference access cultural educational resource root inequality academic achievement across world",
        "keywords": null,
        "url": "https://www.sciencedirect.com/science/article/pii/S1041608015001478"
    },
    {
        "title": "institutional tracking achievement growth exploring approach pirls timss pisa",
        "authors": "Maciej Jakubowski",
        "year": "2010",
        "abstract": "chapter analyzes impact early institutional tracking achievement measured international educational survey building seminal work hanushek woessmann economic journal 116 510 2006 approach applied assess whether tracking student distinct type school impact achievement growth growth estimated based achievement primary school measured pirls 2001 reading timss 2003 mathematics science achievement secondary school tested pisa 2000 2003 three subject chapter present several robustness check test validity assumption case hanushek woessmann approach argued official result published survey organizer directly comparable using valid",
        "keywords": null,
        "url": "https://link.springer.com/chapter/10.1007/978-90-481-3993-4_3"
    },
    {
        "title": "effect delaying tracking secondary school evidence 1999 education reform poland",
        "authors": "Maciej Jakubowski, Harry Anthony Patrinos, Emilio Ernesto Porta, Jerzy Wiśniewski",
        "year": "2016/11/1",
        "abstract": "delaying tracking extending student exposure general academic education increasing time task basic competence reading mathematics could improve academic outcome test hypothesis delayed vocational streaming improves academic outcome analyzes poland significant improvement international achievement test restructuring system expanded general schooling estimate using matching estimate show delaying vocational education increasing time task positive significant impact student performance order standard deviation",
        "keywords": null,
        "url": "https://www.tandfonline.com/doi/abs/10.1080/09645292.2016.1149548"
    },
    {
        "title": "education policy poland impact pisa international study",
        "authors": "Ireneusz Białecki, Maciej Jakubowski, Jerzy Wiśniewski",
        "year": "2017/6",
        "abstract": "impact pisa polish education policy significant probably different country poland experienced pisa shock education system benefiting considerably pisa expert policy maker useful reliable instrument made possible measure effect consecutive reform school education system moreover pisa international study influenced perception education policy poland latter shifted centralised policy policy developed involvement multiple stakeholder although mostly affected thinking expert policy maker rather general public new government power 2015 following public opinion poll reversed previous education",
        "keywords": null,
        "url": "https://onlinelibrary.wiley.com/doi/abs/10.1111/ejed.12216"
    },
    {
        "title": "global learning loss student achievement first estimate using comparable reading score",
        "authors": "Maciej Jakubowski, Tomasz Gajderowicz, Harry Anthony Patrinos",
        "year": "2023/11/1",
        "abstract": "estimate global impact student reading using international achievement test school closure full partial achievement predicting deviation recent result linear trend using round pirls score declined average 33 percent standard deviation equivalent year schooling loss larger student school faced relatively longer closure difference sex student experienced larger loss educational loss may translate percentage point reduction gdp growth global loss 66 trillion",
        "keywords": null,
        "url": "https://www.sciencedirect.com/science/article/pii/S0165176523003385"
    },
    {
        "title": "opening opportunity education reform poland",
        "authors": "Maciej Jakubowski",
        "year": "2015/1",
        "abstract": "poland one european country achieved strong improvement student performance last decade according oecd pisa result poland moved oecd average close country score improvement consequence polish education system reform introduced important change 1999 reform extension comprehensive education one year evidence suggests change immediately benefited student remaining element reform probably responsible gradual improvement difference secondary school largely limited comparable exam conducted end every stage education played crucial role assuring quality education system poland also increased support preschool education expanded general curriculum vocational school result reform expansion obligatory comprehensive education 8 year least 10 year",
        "keywords": null,
        "url": "https://ibs.org.pl/wp-content/uploads/2022/12/IBS_Policy_Paper_01_2015-1.pdf"
    },
    {
        "title": "implementing model school assessment",
        "authors": "Maciej Jakubowski",
        "year": "2008/2",
        "abstract": "considers model school assessment implementation poland estimate helpful school policy maker need reliable way control teaching effectiveness parent need information school quality area however usefulness depends several statistical issue specific decision made implementation discusses several model describes detail solution implemented poland statistical problem discussed according policy relevance shown bother statistician less important practice several problem encountered one want apply model policy relevant context problem proper regression specification omitted variable bias measurement error discussed way estimate could published used policy evaluation tool also presented problem discussed practical point view using three year experience implementation method poland",
        "keywords": null,
        "url": "https://papers.ssrn.com/sol3/papers.cfm?abstract_id=1126776"
    },
    {
        "title": "estimate class size primary school poland",
        "authors": "Maciej Jakubowski, Pawel Sakowski",
        "year": "2006/1/1",
        "abstract": "analyze class size effect case primary school poland use two empirical strategy avoid endogeneity bias first use average class size grade instrumental variable actual class size allows u control within school selection pupil different ability class different size additionally estimate fixed effect school control difference second exploit fact informal maximum class size rule estimate class size enrollment level school decide add new class thus dramatically lower class size enrollment level variance class size mainly exogenous argue allows estimation class size effect case use average class size instrument enrollment key control variable using",
        "keywords": null,
        "url": "https://www.sciencedirect.com/science/article/pii/S0883035506001261"
    },
    {
        "title": "regional inequality pisa case italy spain",
        "authors": "Ralph Hippe, Maciej Jakubowski, Luísa Araújo",
        "year": "2018/6",
        "abstract": "technical brief analysis regional distribution skill italy spain educational attainment rate frequently used indicator regional educational development eu member state m rate indicate significant regional disparity education within country however recent evidence show quality education measured level specific skill important number year one spends school particular considering relationship cognitive skill economic growth international large scale assessment ilsa student performance measure cognitive skill key area oecd program international student assessment pisa provides useful important source information student performance key cognitive skill analysing pisa researcher commentator often focus comparison however vast difference exist also term educational attainment pisa test score focus country average alone would hence provide partial view status education within country however possibility exploring difference pisa limited country report focus regional inequality cognitive skill measured pisa test score italy spain using regional pisa recent 2015 wave analyse factor associated inequality order insure full comparability two country define region level nuts1",
        "keywords": null,
        "url": "https://www.researchgate.net/profile/Luisa-Araujo-4/publication/326346530_Regional_inequalities_in_PISA_the_case_of_Italy_and_Spain/links/5b47202745851519b4b10454/Regional-inequalities-in-PISA-the-case-of-Italy-and-Spain.pdf"
    },
    {
        "title": "immigrant background expected early school leaving europe evidence pisa",
        "authors": "Ralph Hippe, Maciej Jakubowski",
        "year": "2018/2",
        "abstract": "technical brief analysis relationship immigrant status educational expectation pisa migration flow outside within eu increased recent year raised attention policy maker general public special interest implication flow among education system labour market time eu set europe 2020 headline target reducing share early school leaver 10 within eu early school leaver become generally disadvantaged socially economically later stage life important better understand motivation leaving school provide adequate policy solution european commission 2016 3 indicates early school leaver likely come immigrant student group early school leaving rate nearly twice high native population yet also emphasis still lack evidence pointing underlying reason particular clear whether among early school leaver immigrant student frequent due specific reason related status immigrant whether frequent immigrant student likely possess set characteristic normally associated early school leaving behaviour belonging low socio economic status analysis factor strongly related probability leave school early putting special attention immigrant status differentiating among first second generation immigrant",
        "keywords": null,
        "url": "https://publications.jrc.ec.europa.eu/repository/bitstream/JRC109065/jrc109065_techbrief_migesl_180202final.pdf"
    },
    {
        "title": "poland polish education reform evidence international assessment",
        "authors": "Maciej Jakubowski",
        "year": "2021",
        "abstract": "last two decade polish education system reformed several time comprehensive structural reform 1999 curriculum evaluation reform 2007 early education reform introduced gradually student outcome documented pisa also international assessment largely improved last 20 year poland moved oecd average group country europe chapter describes reform research effect also discusses possible find political support reversal change seemed highly successful provides three lesson polish experience first evidence widely disseminated among stakeholder sustain reform second sole reliance international study sufficient additional investment secondary analysis national study necessary develop evidence political discussion third positive change difficult reverse poland increased school autonomy also external examination broader access preschool higher education among change new government could alter",
        "keywords": null,
        "url": "https://library.oapen.org/bitstream/handle/20.500.12657/43288/1/2021_Book_ImprovingACountrySEducation.pdf#page=148"
    },
    {
        "title": "school closure student learning outcome new global evidence pisa",
        "authors": "Maciej Jakubowski, Tomasz Gajderowicz, Harry Patrinos",
        "year": "2024",
        "abstract": "pandemic resulted significant disruption schooling worldwide us global test score estimate learning loss model school closure achievement predicting deviation recent result linear trend using round programme international student assessment score declined average 14 percent standard deviation roughly equal seven month learning loss greater student school faced relatively longer closure boy immigrant disadvantaged student educational loss may translate significant national income loss time",
        "keywords": null,
        "url": "https://www.econstor.eu/handle/10419/281116"
    },
    {
        "title": "kompetencje przyszłości w czasach cyfrowej dysrupcji",
        "authors": "K Głomb, M Jakubowski, A Krawczyk, T Kulisiewicz, Z Nowakowski, A Złotnicki, T Gajderowicz",
        "year": "2019",
        "abstract": null,
        "keywords": null,
        "url": "https://scholar.google.com/scholar?cluster=12777246166712224719&hl=en&oi=scholarr"
    },
    {
        "title": "polska oświata w międzynarodowych badaniach umiejętności uczniów pisa oecd",
        "authors": "Roman Dolata, Maciej Jakubowski, Artur Pokropek",
        "year": "2013",
        "abstract": "1 shanghai hong kong officially participated pisa ten province china participated pilot program result included report appeared chinese press shown province scored oecd average province shanghai located highest score result india published part presentation pisa result walker 2011",
        "keywords": null,
        "url": "http://www.nexto.pl/upload/virtualo/wydawnictwa_uniwersytetu_warszawskiego/247ceb483e8ee0b5aa0d9761138374c872f40de8/free/247ceb483e8ee0b5aa0d9761138374c872f40de8.pdf"
    },
    {
        "title": "return income strategy rural poland",
        "authors": "Jan Fałkowski, Maciej Jakubowski, Paweł Strawiński",
        "year": "2014/1",
        "abstract": "order stabilize improve income situation rural household strongly encouraged diversify activity outside agricultural sector often however phenomenon take moderate proportion article address issue rural household income diversification case poland investigates return rural household income strategy using propensity score matching method extensive datasets spanning result suggest return combining farm activity lower return concentrating farming outside agriculture differential stable time although return diversification relatively improved accession poland european union also visible fact since 2006 return combining farm activity equalized",
        "keywords": null,
        "url": "https://onlinelibrary.wiley.com/doi/abs/10.1111/ecot.12032"
    },
    {
        "title": "digital challenge facing polish education",
        "authors": "T Gajderowicz, M Jakubowski",
        "year": "2020",
        "abstract": null,
        "keywords": null,
        "url": "https://scholar.google.com/scholar?cluster=5043201882625789113&hl=en&oi=scholarr"
    },
    {
        "title": "reading achievement progress across country",
        "authors": "Maciej Jakubowski, Artur Pokropek",
        "year": "2015/11/1",
        "abstract": "discusses method compare progress reading achievement across country method us measure achievement primary school pirls compare secondary school result pisa result describe interval estimate progress lie depending comparability two assessment progress estimate also adjusted age gender characteristic differ country survey also demonstrates useful estimate policy comparing achievement progress across early late tracking country",
        "keywords": null,
        "url": "https://www.sciencedirect.com/science/article/pii/S0738059315001170"
    },
    {
        "title": "latent variable propensity score matching simulation application programme international student assessment poland",
        "authors": "Maciej Jakubowski",
        "year": "2015/5",
        "abstract": "examines including latent variable benefit propensity score matching latent variable estimated observed manifest variable used matching demonstrates benefit approach comparing method manifest variable directly used matching estimating propensity score manifest variable introduces measurement error limited estimating propensity score estimated latent variable use monte carlo simulation test proposed approach behaves distinct circumstance found practice apply real using estimated latent variable propensity score matching limit measurement error bias treatment effect estimate increase precision benefit larger small sample better information",
        "keywords": null,
        "url": "https://link.springer.com/article/10.1007/s00181-014-0814-x"
    },
    {
        "title": "examining exam quantitative approach educational research",
        "authors": "Maciej Jakubowski, Artur Pokropek",
        "year": "2009",
        "abstract": null,
        "keywords": null,
        "url": "https://scholar.google.com/scholar?cluster=8843102134875205094&hl=en&oi=scholarr"
    }
]