[
    {
        "title": "natural rate interest estimate driver challenge monetary policy",
        "authors": "Claus Brand, Marcin Bielecki, Adrian Penalver",
        "year": "2018/12/19",
        "abstract": "using wide range model document protracted fall natural neutral rate interest advanced economy driven ageing waning productivity growth rise surge risk aversion wake global financial crisis neutral rate estimate highly uncertain dependent negative wake financial crisis observation highly relevant assessing monetary policy stance risk monetary policy becoming constrained lower bound nominal interest rate highlight dependence natural rate estimate illustrating large difference stabilising property depending context chosen also emphasise high statistical uncertainty natural rate estimate within model looking ahead return higher level would come reversal risk aversion flight safety boost productivity achieve structural reform crucial",
        "keywords": null,
        "url": "https://papers.ssrn.com/sol3/papers.cfm?abstract_id=3328536"
    },
    {
        "title": "decreasing fertility v increasing longevity raising retirement age context ageing process",
        "authors": "Marcin Bielecki, Karolina Goraus, Jan Hagemejer, Joanna Tyrowicz",
        "year": "2016/1/1",
        "abstract": "given decreasing fertility increasing longevity many country policy debate emphasizes role either raising minimum eligible retirement age mera raising fertility avoid adverse change population structure evaluate welfare macroeconomic effect increasing retirement age various demographic scenario three major pension system defined benefit notionally defined contribution funded defined contribution compare population decreasing fertility increasing longevity one subject change show welfare effect raising mera stem mainly longevity show increasing longevity raising retirement age universally welfare enhancing living future cohort regardless pension system fertility finally show scope welfare gain",
        "keywords": null,
        "url": "https://www.sciencedirect.com/science/article/pii/S0264999315000371"
    },
    {
        "title": "demographic monetary policy zero lower bound",
        "authors": "Marcin Bielecki, Michał Brzoza-Brzezina, Marcin Kolasa",
        "year": "2018",
        "abstract": "recent literature show demographic trend may affect natural rate interest nri one key parameter affecting stabilization policy implemented central bank however little known quantitative impact process monetary policy especially european context despite persistently low fertility rate ongoing increase longevity many euro area economy develop new keynesian use assess importance population ageing monetary policy fitted euro area successfully match age profile decision made european household implies demographic trend contributed projected continue contribute significantly decline nri lowering percentage point 1980 despite spread long time impact ageing nri may lead sizable persistent deflationary bias monetary authority fails account slow moving process real time also show current level inflation target demographic trend already exacerbated risk hitting lower bound zlb pressure expected continue delay updating nri estimate central bank elevate zlb risk even",
        "keywords": null,
        "url": "https://static.nbp.pl/publikacje/materialy-i-studia/284_en.pdf"
    },
    {
        "title": "demographic natural interest rate euro area",
        "authors": "Marcin Bielecki, Michał Brzoza-Brzezina, Marcin Kolasa",
        "year": "2020/10/1",
        "abstract": "investigate impact demographic natural rate interest nri euro area particular focus role played economic openness migration pension system design end construct calibrate match profile hfc show population aging contributes significantly decline nri explaining secular decline 1985 openness international capital flow important driving ea real interest rate aging europe similar rest world far two possible pension reform increase retirement age revert downward trend equilibrium interest rate fall replacement rate would make decline nri even deeper demographic pressure eurozone nri alleviated",
        "keywords": null,
        "url": "https://www.sciencedirect.com/science/article/pii/S0014292120301665"
    },
    {
        "title": "small assumption large bearing evaluating pension system reform olg model",
        "authors": "Marcin Bielecki, Karolina Goraus, Jan Hagemejer, Krzysztof Makarski, Joanna Tyrowicz",
        "year": "2015/8/1",
        "abstract": "objective inquire consequence simplifying assumption typically made overlapping generation olg model pension system pension system reform literature largely driven policy motivation alternative modelling choice rarely discussed hand complexity general equilibrium olg modelling necessitates simplification run series experiment reform economy modelled six different set assumption concerning functional form utility function time inconsistency bequest redistribution labour supply decision internalization linkage social security contribution benefit decision well public spending find assumption significantly affect size sign macroeconomic",
        "keywords": null,
        "url": "https://www.sciencedirect.com/science/article/pii/S0264999314004003"
    },
    {
        "title": "intergenerational redistributive effect monetary policy",
        "authors": "Marcin Bielecki, Michał Brzoza-Brzezina, Marcin Kolasa",
        "year": "2022/4",
        "abstract": "investigates distributional consequence monetary policy across generation use rich asset structure well nominal real rigidity calibrated euro area using macroeconomic aggregate microeconomic evidence household finance consumption survey consideration allow demonstrate key role maturing asset contrast balance sheet holding properly assessing redistributive effect monetary policy redistribution mainly driven nominal asset labor income less real financial asset housing overall find typical monetary policy easing redistributes welfare older younger generation decrease net worth inequality associated motif",
        "keywords": null,
        "url": "https://academic.oup.com/jeea/article-abstract/20/2/549/6316113"
    },
    {
        "title": "could eurozone periphery prevented",
        "authors": "Marcin Bielecki, Michał Brzoza-Brzezina, Marcin Kolasa, Krzysztof Makarski",
        "year": "2016/11",
        "abstract": "cycle eurozone periphery almost toppled single currency recent experience suggests may return soon check whether monetary macroprudential policy could prevented periphery violent boom bust euro adoption estimate dsge two euro area region core periphery conduct series historical counterfactual experiment monetary macroprudential policy follow optimized rule use welfare criterion show single monetary policy could better stabilized output region housing market periphery trade balance contrast macroprudential policy could substantially smoothed credit cycle periphery reduced external imbalance",
        "keywords": null,
        "url": "https://onlinelibrary.wiley.com/doi/abs/10.1111/jcms.12795"
    },
    {
        "title": "inequality olg economy heterogeneous cohort pension system",
        "authors": "Joanna Tyrowicz, Krzysztof Makarski, Marcin Bielecki",
        "year": "2018/12",
        "abstract": "analyze consumption wealth inequality olg mandatory pension system framework feature heterogeneity endowment heterogeneity preference allow population aging gradual decline tfp growth show four main result first increasing longevity translates substantial increase aggregate consumption inequality wealth inequality second pension system reform defined benefit defined contribution work reinforce consumption inequality reduce wealth inequality third minimum pension benefit able partially counteract increase inequality introduced defined contribution system fiscal cost fourth minimum pension benefit guarantee mostly address source inequality stem differentiated endowment rather stem heterogeneous",
        "keywords": null,
        "url": "https://link.springer.com/article/10.1007/s10888-018-9391-0"
    },
    {
        "title": "reforming retirement age db dc pension system aging olg economy heterogenous agent",
        "authors": "Joanna Tyrowicz, Krzysztof Makarski, Marcin Bielecki",
        "year": "2016/12",
        "abstract": "analyze effect increasing retirement age two economy overlapping generation within cohort ex ante heterogeneity first economy defined benefit system second economy transition defined benefit defined contribution find increase retirement age phased way allows agent adjust welfare reduced welfare effect similar magnitude distribution type pension system",
        "keywords": null,
        "url": "https://link.springer.com/article/10.1186/s40173-016-0067-8"
    },
    {
        "title": "labor tax reduction europe role property taxation",
        "authors": "Marcin Bielecki, Nikolai Stähler",
        "year": "2022/3",
        "abstract": "use new keynesian dsge search friction housing market evaluate financing labor tax reduction higher property taxation affect real economy welfare search housing market enables u explicitly stock flow necessary differentiate recurrent property tax levied stock property transaction tax levied flow find using recurrent property taxation financing instrument outperforms instrument although policy measure increase aggregate welfare simulation suggest using property transaction taxation financing instrument least favorable measure",
        "keywords": null,
        "url": "https://www.cambridge.org/core/journals/macroeconomic-dynamics/article/labor-tax-reductions-in-europe-the-role-of-property-taxation/31F2B3D208E14BDF8CE4AFD3F3D7B022"
    },
    {
        "title": "business cycle innovation growth welfare",
        "authors": "Marcin Bielecki",
        "year": "2017/8",
        "abstract": "endogenous growth literature treat deliberate r effort main engine technology growth already recognized r expenditure procyclical build microfounded generates procyclical aggregate r investment result optimizing behavior heterogeneous monopolistically competitive firm find business cycle fluctuation indeed affect aggregate endogenous growth rate economy transitory productivity shock leave lasting level effect economy balanced growth path result stem procyclical r expenditure incumbent procyclical firm entry rate line empirical evidence negative impact missing generation firm macroeconomic variable",
        "keywords": null,
        "url": "https://grape.org.pl/sites/default/files/publication/Business%20cycles,%20innovation%20and%20growth%20welfare%20analysis_0.pdf"
    },
    {
        "title": "labor tax reduction europe role property taxation",
        "authors": "Marcin Bielecki, Nikolai Stahler",
        "year": "2018",
        "abstract": "welfare performance various simple monetary policy rule bounded rationality br along line gabaix 2020 new keynesian sticky wage effective lower bound elb interest rate policy strategy strong history dependence lose advantage inflation targeting mitigating recession interest rate constrained elb supply shock inflation argeting utperforms h r ules f ufficiently high degree br exponential average inflation targeting rule feature variable degree history dependence performs remarkably well independent degree br",
        "keywords": null,
        "url": "https://papers.ssrn.com/sol3/papers.cfm?abstract_id=3249941"
    },
    {
        "title": "sooner welfare effect retirement age increase various pension scheme",
        "authors": "Marcin Bielecki, Karolina Goraus, Jan Hagemejer, Joanna Tyrowicz",
        "year": "2014",
        "abstract": "evaluate welfare macroeconomic effect increasing retirement age context population aging overlapping generation framework simulate increase retirement age seven year different pension system defined benefit notionally defined contribution fully funded show raising retirement wage universally welfare enhancing living future cohort regardless pension system quantitatively policy intervention able counterweight adverse macroeconomic consequence aging test validity finding population lower pace aging due higher fertility finally show scope welfare gain productivity relatively high old age",
        "keywords": null,
        "url": "http://www.wne.uw.edu.pl/inf/wyd/WP/WNE_WP129.pdf"
    },
    {
        "title": "aging migration monetary policy poland",
        "authors": "Marcin Bielecki, Michał Brzoza-Brzezina, Marcin Kolasa",
        "year": "2022",
        "abstract": "poland face particularly sharp demographic transition dependency ratio expected increase 20 2000 60 time country recently witnessed huge wave immigration mostly ukraine investigate aging migration affect polish economy consequence adjustment monetary policy using general equilibrium consideration show decline natural rate interest nri due demographic process substantial amounting around percentage point albeit spread period 40 year impact migration flow relatively small significantly alleviate downward pressure nri induced populating aging central bank slow learning declining nri extended period inflation running",
        "keywords": null,
        "url": "https://www.ceeol.com/search/article-detail?id=1030405"
    },
    {
        "title": "inequality olg economy heterogeneity within cohort pension system",
        "authors": "Marcin Bielecki, Joanna Tyrowicz, Krzysztof Makarski, Marcin Waniek",
        "year": "2015",
        "abstract": "inequality endowment widely recognized area policy intervention dispersion preference may also imply inequality outcome analyze inequality olg obligatory pension system policy relevant pension system defined benefit system db transition db defined contribution system dc introduce within cohort heterogeneity endowment individual productivity heterogeneity preference preference leisure time preference introduce two policy instrument widely used contribution cap minimum pension theory instrument affect incentive work incentive save retirement different strength via different channel actual attributable policy instrument judged environment single representative agent show four main result first longevity increase aggregate consumption inequality substantially pension system whereas pension system reform work reinforce consumption inequality reduce wealth inequality second contribution cap negligible inequality role minimum pension benefit guarantee pronounced third reduction inequality due minimum pension benefit guarantee achieved virtually capital accumulation finally minimum pension benefit guarantee address mostly inequality stem differentiated endowment stem differentiated",
        "keywords": null,
        "url": "https://ideas.repec.org/p/war/wpaper/2015-16.html"
    },
    {
        "title": "search optimal path establish funded pension system",
        "authors": "Marcin Bielecki, Krzysztof Makarski, Joanna Tyrowicz, Marcin Waniek",
        "year": "2015",
        "abstract": "propose politically feasible instrument nearly optimal transition funded scheme defined contribution pension system consists compensating transition generation form pension benefit indexation generous would prevailed clean dc system thus instrument allows smoothen welfare cost transition future generation via small implicit debt instrument prof robust number parametric modeling choice",
        "keywords": null,
        "url": "https://ideas.repec.org/p/war/wpaper/2015-22.html"
    },
    {
        "title": "estimate projection natural rate interest poland euro area",
        "authors": "Marcin Bielecki, Michał Brzoza-Brzezina, Aneta Błażejowska, Kamila Kuziemska-Pawlak, Grzegorz Szafrański",
        "year": "2024/9/30",
        "abstract": "use wide range model time series structural estimate project explain evolution natural rate interest nri poland pl euro area ea finding follows nris declined significantly pl ea last two decade ii recent estimate point towards mildly negative nri pl appreciably negative nri ea iii recent estimate point towards mildly positive nri pl slightly negative nri ea iv nri pl remained consistently nri ea average pp v main driver declining nris demographic worldwide productivity slowdown vi main driver higher nri pl ea productivity pl vii expect nri pl significantly converge ea level",
        "keywords": null,
        "url": "https://www.ceeol.com/search/article-detail?id=1268822"
    },
    {
        "title": "determination geometric property jet engine fan blade based modal vibration testing",
        "authors": "Maciej Osiewicz, Sławomir Cieślak, Marcin Bielecki",
        "year": "2022/9/1",
        "abstract": "abstract article present experimental method determining geometric property jet engine rotor airfoil based modal vibration testing procedure based adjusting result analytical calculation laboratory outcome experimental test carried set 20 jet engine fan blade made aluminium alloy blade differed weight geometric dimension within accepted design tolerance numerical five airfoil differed thickness performed modal vibration test result summarised compared result obtained numerical method comparison revealed high similarity frequency form vibration acquired numerical simulation blade relation executed vibration testing based verification theoretical result obtained experimental testing conclusion drawn object dynamic behaviour technological quality geometric property whereby airfoil probably thinned",
        "keywords": null,
        "url": "https://sciendo.com/pdf/10.2478/tar-2022-0017"
    },
    {
        "title": "innovation endogenous growth business cycle frictional labor market",
        "authors": "Marcin Bielecki",
        "year": "2022",
        "abstract": "proposes microfounded featuring frictional labor market generates procyclical r expenditure result optimizing behavior heterogeneous monopolistically competitive firm allows show business cycle fluctuation affect aggregate endogenous growth rate economy consequently transitory shock leave lasting level effect mechanism responsible economically significant hysteresis effect significantly increase welfare cost business cycle relative exogenous growth show serious policy implication creates ample space policy intervention find several static countercyclical subsidy scheme welfare improving importantly find due labor market friction subsidizing incumbent firm generates large positive welfare effect",
        "keywords": null,
        "url": "https://journals.pan.pl/Content/124090/mainFile.pdf"
    },
    {
        "title": "comment limit forward guidance jeffrey campbell filippo ferroni jonas dm fisher leonardo melosi",
        "authors": "Marcin Bielecki, Michał Brzoza-Brzezina, Marcin Kolasa",
        "year": "2019/12/1",
        "abstract": "note discusses article limit forward guidance jeffrey campbell filippo ferroni jonas fisher leonardo melosi author make excellent contribution literature solving forward guidance puzzle proposing central bank communication imperfect noisy thus announcement monetary policy stance many period ahead limited impact agent decision estimating rich dsge using wide set u including interest rate future quantify precision fed communication show estimating linear without explicitly accounting elb constraint may lead biased result overstate imperfection central bank communication",
        "keywords": null,
        "url": "https://www.sciencedirect.com/science/article/pii/S0304393219301631"
    }
]