[
    {
        "title": "currency crisis liberalization capital flow",
        "authors": "Marcin Gruszczyński",
        "year": "2002",
        "abstract": null,
        "keywords": null,
        "url": "https://scholar.google.com/scholar?cluster=10228107755820527523&hl=en&oi=scholarr"
    },
    {
        "title": "foreign capital transformation financial sector poland",
        "authors": "Katarzyna Dąbrowska, Marcin Gruszczyński",
        "year": "2001",
        "abstract": "kapitał zagraniczny transformacja sektora finansowego w polsce cinii research cinii 国立 情報学研究所 学術情報ナビゲータ サイニィ 詳細へ移動 検索フォームへ移動 大学図書館の本をさがす 日本の博士論文をさがす english 検索 タイトル 所属機関 issn doi 期間 本文リンク 本文リンクあり データソース jalc irdb crossref datacite ndl ruda jdcat ninjal cinii article cinii book cinii dissertation dbpedia nikkei bp kaken integbio mdr pubmed lsdb archive 極地研ads 極地研学術db 公共データ カタログ ムーンショット型研究開発事業 すべて 研究データ 論文 本 博士論文 プロジェクト 2023年10月 31日掲載 cinii dissertations及びcinii booksのcinii researchへの統合について kapitał zagraniczny transformacja sektora finansowego w polsce web site cinii 所蔵館 1館 dąbrowska katarzyna gruszczyński",
        "keywords": null,
        "url": "https://cir.nii.ac.jp/crid/1130000795694104320"
    },
    {
        "title": "foreign capital polish banking sector effectiveness monetary policy",
        "authors": "Katarzyna Dąbrowska, Marcin Gruszczyński",
        "year": "2002",
        "abstract": "financial system play key role economy related facilitating exchange good service mobilizing allocating capital acquiring processing providing information quality management control managing type risk levine 1997 country undergoing systemic transformation role taken banking system due lack financial intermediary however level banking development country beginning 1990s low compared industrialized country form could adequately perform function assigned newly emerging market economy attempt banking reform poland initiated 1980s unfortunately yield desired result banking system beginning economic transformation still characterized wyczański gołajewska 1996 lack competition customer care resulting insufficient number operating bank alongside specialization territorial market division lack regulation governing banking system activity low efficiency lack interest product innovation low qualification bank employee",
        "keywords": null,
        "url": "https://bankikredyt.nbp.pl/content/2002/2002_11_12/pdf_pl/mgkd.pdf"
    },
    {
        "title": "currency banking debt crisis global economy 2nd ed",
        "authors": "Marcin Gruszczyński",
        "year": "2019",
        "abstract": "success globalization liberalization integration early year 21st century might suggested problem crisis still common previous decade become thing past however last great global financial crisis drew attention issue currency banking debt crisis aim publication acquaint reader theoretical aspect currency banking debt crisis leading indicator crisis practical experience country affected various form economic political consequence crisis problem efficiency currency market method identifying market pressure challenge modeling exchange rate experience country affected crisis suggest derivative major integration reform political economic nature change social relation deregulation financial desired result also creating new unknown threat unexpected scale seems crisis shock punish error economic fiscal monetary policy public commitment inefficient absorption capital inflow imbalance reform program consequence crisis reinforced globalization liberalization financial innovation integration world market decade 1990s called decade currency crisis first decade next named decade banking crisis perhaps",
        "keywords": null,
        "url": "https://repozytorium.uw.edu.pl/items/bd7b2851-dc87-4183-bd81-3475a4315c2c"
    },
    {
        "title": "monetary integration poland within european monetary system context eu experience",
        "authors": "Andrzej Wieczorkiewicz, Katarzyna Dąbrowska, Marcin Gruszczyński",
        "year": "2005",
        "abstract": "aim present potential benefit risk associated poland full participation economic monetary union involvement erm2 system adoption euro national currency first part present theoretical discussion benefit risk introducing common currency second part present experience european union country related accession participation old erm exchange rate system participation new european monetary system em original abstract",
        "keywords": null,
        "url": "http://bazekon.icm.edu.pl/bazekon/element/bwmeta1.element.ekon-element-000081331648"
    },
    {
        "title": "abc kryzysu walutowego",
        "authors": "Marcin Gruszczyński",
        "year": "1999",
        "abstract": "article defines currency crisis discusses cause effect possibility prediction prevention present traditional latest view nature financial flow",
        "keywords": null,
        "url": "https://scholar.google.com/scholar?cluster=3861727538818807329&hl=en&oi=scholarr"
    },
    {
        "title": "effectiveness unofficial currency market poland year",
        "authors": "Marcin Gruszczyński, Maciej Stokłosa",
        "year": "2006",
        "abstract": "present overview selected parallel unofficial foreign exchange market operating global economy well reason emergence attempt made answer question whether unofficial currency market poland 1982 1989 could considered efficient extent weekly correlation coefficient test test q arma 3 3 modeling used",
        "keywords": null,
        "url": "http://bazekon.icm.edu.pl/bazekon/element/bwmeta1.element.ekon-element-000113084868"
    },
    {
        "title": "foreign capital polish banking sector effectiveness monetary policy",
        "authors": "Katarzyna Dąbrowska, Marcin Gruszczyński",
        "year": "2002",
        "abstract": "free market economy financial system fulfils central function associated exchange good service mobilisation allocation capital gaining processing spreading information management quality control risk management type levine 1997 country system transformation banking system take role lack financial intermediary however early 1990s development banking country poor compared industrialised country could properly perform mentioned function newly forming market economy poland attempt reform banking system undertaken 1980s unfortunately failed produce expected result beginning economic transformation still characterised wyczański gołajewska 1996 lack competition solicitude customer resulting shortage working bank accompanied specialisation territorial market division lack regulation banking system activity lack interest product innovation low qualification bank staff",
        "keywords": null,
        "url": "https://bankandcredit.nbp.pl/content/2002/2002_11_12/pdf_en/mgkd.pdf"
    },
    {
        "title": "audit committee foundation trust company",
        "authors": "Andrzej Wieczorkiewicz, Katarzyna Dąbrowska-Gruszczyńska, Marcin Gruszczyński",
        "year": "2013",
        "abstract": "aim present establishment functioning institution responsible overseeing financial reporting process counteracting distortion credibility enterprise audit committee first part describes genesis legal regulation objective functioning audit committee second part present several observation experience audit committee three institution operating financial market seems far audit committee positively fulfilling role original abstract",
        "keywords": null,
        "url": "http://bazekon.icm.edu.pl/bazekon/element/bwmeta1.element.ekon-element-000171257609"
    },
    {
        "title": "international experience likelihood currency crisis poland",
        "authors": "Marcin Gruszczyński",
        "year": "2004",
        "abstract": "aim consider possibility currency crisis poland gaining membership european union basis consideration experience highly developed developing country related disruption financial market negative phenomenon occurring polish economy analogous contributed crisis presented country indicated case study concern crisis european monetary crisis east asian country collapse affected argentina",
        "keywords": null,
        "url": "http://bazekon.icm.edu.pl/bazekon/element/bwmeta1.element.ekon-element-000000123130"
    },
    {
        "title": "transfer pricing profit shifting aspect internationalization enterprise",
        "authors": "Katarzyna Dąbrowska, Marcin Gruszczyński",
        "year": "2002",
        "abstract": "foreign direct investment source benefit economy country undergoing systemic transformation international operation enable facilitate transfer income country reduce tax liability acquire asset legally restricted access content devoted issue transfer pricing income shifting problem accompanying activity international enterprise",
        "keywords": null,
        "url": "https://scholar.google.com/scholar?cluster=11866799744583186424&hl=en&oi=scholarr"
    },
    {
        "title": "nominal exchange rate context leaving euro zone greece italy",
        "authors": "Katarzyna Dąbrowska-Gruszczyńska, Marcin Gruszczyński",
        "year": "2021",
        "abstract": "aim present two case crisis greece italy evaluate shadow exchange rate hypothetical new currency introduced grexit italexit shadow exchange rate estimated using speculative pressure index concept emphasizes importance change foreign exchange reserve interest rate differential absence independent nominal exchange rate research sample cover greece italy research presented estimation shadow exchange rate euro zone membership period leaving euro area one expect following market rate 600 would mean 75 depreciation 5 appreciation current euro parity respectively research potential grexit greek authority could expect significant nominal depreciation new currency introduce substantial discount case italexit new currency would preserve nominal value limitation research methodology long period cover structural change financial market crisis event political factor eg qe program originality approach lie combination two important economic idea shadow exchange rate index speculative pressure combined together help prepare methodology",
        "keywords": null,
        "url": "https://sciendo.com/pdf/10.22367/jem.2021.43.14"
    },
    {
        "title": "leading indicator sovereign debt currency crisis comparative 2001 2018 shock argentina",
        "authors": "Marcin Gruszczyński, Paweł Majczak",
        "year": "2020/10/1",
        "abstract": "investigates accuracy leading indicator case 2001 sovereign default crisis 2018 currency turmoil argentina conducted early warning signal based selected variable macroeconomic variable computed yearly change selected threshold minimise ratio ie ratio percentage false signal normal time percentage good signal period preceding crisis predictive power indicator differs significantly various crisis episode 2001 crisis decline value bank deposit best leading indicator based ratio 2018 currency crisis lowest ratio observed rate ratio research survey limited mostly availability quality give complex review major early warning indicator context recent history argentina economy applies set classical leading indicator two modern case financial crisis proposes original knocking window approach presentation traditional warning concept context current economic event",
        "keywords": null,
        "url": "https://sciendo.com/article/10.22367/jem.2020.42.02"
    },
    {
        "title": "speculative pressure exchange rate country remaining outside eurozone example",
        "authors": "Marcin Gruszczyński, Katarzyna Dąbrowska-Gruszczyńska",
        "year": "2016",
        "abstract": "aim acquaint reader new challenge related remaining outside eurozone changed environment first part describes experience swiss authority responding event occurring global financial market second part analyzes market pressure exchange rate currency remaining outside eurozone estimate shadow rate period exchange rate control",
        "keywords": null,
        "url": "https://cejsh.icm.edu.pl/cejsh/element/bwmeta1.element.cejsh-b947c44a-8f14-4ff4-a1b0-a3d79ee67dfe/c/01.pdf"
    },
    {
        "title": "euro context accession absorption challenge",
        "authors": "Katarzyna Dąbrowska-Gruszczyńska, Marcin Gruszczyński",
        "year": "2009",
        "abstract": "participation monetary union expected cost benefit move subject many theoretical empirical analysis main benefit adopting common currency considered possibility increasing trade among others thanks elimination exchange rate risk reduction transaction cost associated currency exchange hedging exchange rate risk stabilization economic condition effective control inflation also improving credibility macroeconomic policy however added outset benefit monetary integration reduced merely elimination fluctuation shock positive effect occur throughout year remaining european monetary union side legal regulation penetration trade custom reduction",
        "keywords": null,
        "url": "https://www.ceeol.com/search/article-detail?id=129607"
    },
    {
        "title": "currency crisis modern global economy",
        "authors": "Marcin Gruszczyński",
        "year": "1998",
        "abstract": "increasingly frequent financial crisis economy european union country scandinavian country east asia russian federation drawn attention speculative attack controlled exchange rate system scientist investor trying find answer question whether currency crisis predicted observing certain warning sign whether crisis completely unpredictable",
        "keywords": null,
        "url": "http://bazekon.icm.edu.pl/bazekon/element/bwmeta1.element.ekon-element-000000106759"
    },
    {
        "title": "exchange rate context speculative pressure italian lira prospect italy leaving eurozone",
        "authors": "Marcin Gruszczyński, Katarzyna Dąbrowska-Gruszczyńska",
        "year": "2019",
        "abstract": "increasing public debt italy issue raised possible breakup eurozone two currency north south reintroduction italian lira aim estimate shadow exchange rate italian lira euro italy membership common currency area following research hypothesis posed shadow exchange rate accurately reflects potential market rate quoted upon reintroduction lira italy applied shadow exchange rate methodology combined concept speculative pressure index",
        "keywords": null,
        "url": "https://cejsh.icm.edu.pl/cejsh/element/bwmeta1.element.cejsh-df9ee0b5-58eb-4ede-9383-85d5d22fbcc5"
    },
    {
        "title": "national currency leaving eurozone shadow exchange rate context speculative pressure year",
        "authors": "Katarzyna Dąbrowska-Gruszczyńska, Marcin Gruszczyński",
        "year": "2018",
        "abstract": null,
        "keywords": null,
        "url": "https://repozytorium.uw.edu.pl/items/e161444f-d679-4a8b-9f82-1427bc67f0b8"
    },
    {
        "title": "success collapse argentine economic experiment peso exchange rate context market pressure year",
        "authors": "Marcin Gruszczyński, Katarzyna Dąbrowska-Gruszczyńska",
        "year": "2018",
        "abstract": "2011 argentine authority decided implement capital control system aim estimate shadow exchange rate period exchange control tested hypothesis shadow rate determined using classical monetary parameter accurately reflect actual market situation result deviate significantly rate release first part present economic reform carried argentina financial crisis second part using concept shadow exchange rate speculative pressure index value shadow rate control period estimated",
        "keywords": null,
        "url": "https://bibliotekanauki.pl/articles/589843.pdf"
    },
    {
        "title": "national currency leaving eurozone shadow exchange rate context speculative pressure year",
        "authors": "Marcin Gruszczyński, Katarzyna Dąbrowska-Gruszczyńska",
        "year": "2018",
        "abstract": "financial crisis greece accompanied consideration regarding possibility country bankruptcy upon entering eurozone consequence associated exiting common currency area crucial issue related reintroduction national currency new exchange rate determine balance cost benefit associated move aim estimate shadow exchange rate greek drachma german mark greece membership eurozone posit shadow rate accurately reflects potential market rate quoted greece exit common currency area first part present discussion balance grexit context crisis event second part value shadow exchange rate calculated using speculative pressure index",
        "keywords": null,
        "url": "https://bibliotekanauki.pl/articles/593624.pdf"
    }
]