[
    {
        "title": "estimating growth effect 2004 eastern enlargement european union",
        "authors": "Andrzej Cieślik, Mehmet Burak Turgut",
        "year": "2021/3/20",
        "abstract": "growth effect 2004 eastern enlargement european union eu using synthetic control method estimate eu enlargement immediate modest positive impact economic growth country first year following eu accession positive impact eu enlargement became apparent 2007 new eu member state admitted schengen zone result gross domestic product gdp per caput difference actual synthetic continued grow towards end sample period found entire period gdp per caput increased 2313 usd per year average relative synthetic growth rate gdp per caput actual period larger synthetic",
        "keywords": null,
        "url": "https://www.mdpi.com/1911-8074/14/3/128"
    },
    {
        "title": "regional economic activity turkey new economic geography approach",
        "authors": "Mehmet Burak Turgut",
        "year": "2014",
        "abstract": "study spatial economic activity turkey estimate correlation wage consumer demand across nuts1 region turkey first estimate simple market potential function test whether closeness larger market impact wage second estimate krugman 1993 economic geography see agglomeration force turkey result suggest wage higher region close larger market low trade cost high share expenditure manufactured good force agglomeration turkey",
        "keywords": null,
        "url": "https://www.econstor.eu/handle/10419/130140"
    },
    {
        "title": "fiscal harmonization view euro adoption economic implication poland",
        "authors": "Andrzej Cieślik, Mehmet Burak Turgut",
        "year": "2021/3",
        "abstract": "investigate ex ante effect fiscal policy harmonization might necessary adoption common currency economic growth poland using neoclassical dynamic general equilibrium two fiscal policy scenario first one adjust tax german level respectively second one change consumption tax german level find first scenario current polish tax yield highest rate growth due lower capital taxation however second scenario german tax yield highest rate growth due lower consumption tax good policy perspective result suggest fiscal policy lower tax capital good generate higher rate growth case fiscal harmonization",
        "keywords": null,
        "url": "https://www.sciencedirect.com/science/article/pii/S0161893820300600"
    },
    {
        "title": "estimating financial friction adaptive learning",
        "authors": "P Pintus, Jacek Suda, B Turgut",
        "year": "2021/1",
        "abstract": "study quantitative implication prior belief confidence learning introduce adaptive learning medium scale dsge agent estimate rational expectation adaptive learning using bayesian technique extent prior belief determine evolution expectation endogenous variable analyze new macroeconomic policy affected prior precision expectation related policy",
        "keywords": null,
        "url": "https://www.academia.edu/download/80317581/PintusSudaTurgut_EstimatingModelWithCollateral.pdf"
    },
    {
        "title": "estimate underground economy poland based household expenditure income",
        "authors": "Mehmet Burak Turgut, Tomasz Tratkiewicz",
        "year": "2023",
        "abstract": "estimate size income underreporting poland following extending consumption method pissarides weber 1989 show underreporting income occurs among household income find significant underreporting activity employee working private sector main finding indicate roughly total income household reported poland share varies 20 30 percent 2005 2017 decreasing trend",
        "keywords": null,
        "url": "https://scholar.google.com/scholar?cluster=13379026138446133178&hl=en&oi=scholarr"
    },
    {
        "title": "danger policy experiment initial belief adaptive learning",
        "authors": "P Pintus, Jacek Suda, B Turgut",
        "year": "2021",
        "abstract": "study implication initial belief associated confidence system dynamic adaptive learning first illustrate prior belief determine learning dynamic evolution endogenous variable small dsge agent rational expectation replaced adaptive learning examine discretionary experimenting new macroeconomic policy affected expectation agent relation policy specifically show newly introduced policy aim making leverage lead substantial increase fluctuation learning economy hit financial shock belief reflect imperfect information policy experiment stark contrast effect policy rational expectation",
        "keywords": null,
        "url": "http://www.jaceksuda.com/papers/PintusSudaTurgut_February21.pdf"
    },
    {
        "title": "danger policy experiment initial belief adaptive learning",
        "authors": "Jacek Suda, Patrick Pintus, Burak Turgut",
        "year": "2021",
        "abstract": "study implication initial belief associated confidence system dynamic adaptive learning first illustrate prior belief determine learning dynamic evolution endogenous variable small dsge agent rational expectation replaced adaptive learning examine discretionary experimenting new macroeconomic policy affected expectation agent relation policy specifically show newly introduced macroprudential policy aim making leverage lead substantial increase fluctuation learning economy hit financial shock belief reflect imperfect information policy experiment stark contrast effect policy rational expectation",
        "keywords": null,
        "url": "https://www.academia.edu/download/80317567/49_PintusSudaTurgut_website.pdf"
    }
]