[
    {
        "title": "exchange rate variability foreign direct investment consequence emu enlargement",
        "authors": "Michal Brzozowski",
        "year": "2006/2/1",
        "abstract": "analyzes theoretically empirically likely impact reduction exchange rate uncertainty due european monetary union accession intensity foreign direct investment fdi inflow candidate country theoretical model give ambiguous picture exchange rate uncertainty volatility affect direction magnitude inflow find exchange rate uncertainty volatility nominal exchange rate uncertainty particular may negatively influence decision locate investment transition accession country euro adoption hand likely positively influence fdi inflow accession country",
        "keywords": null,
        "url": "https://www.tandfonline.com/doi/abs/10.2753/EEE0012-8755440101"
    },
    {
        "title": "impact fiscal rule fiscal policy volatility",
        "authors": "Michal Brzozowski, Joanna Siwińska-Gorzelak",
        "year": "2010/11/1",
        "abstract": "impact fiscal rule form explicit deficit debt constraint fiscal policy volatility main motivation behind research one hand negative robust correlation fiscal policy volatility long run growth documented several paper relatively small number work discus possible determinant former argue fiscal rule significant impact fiscal policy volatility depending target debt fiscal increase decrease policy volatility result novel best knowledge discussed literature jel classification code h60 e62",
        "keywords": null,
        "url": "https://www.sciencedirect.com/science/article/pii/S1514032610600104"
    },
    {
        "title": "institution macroeconomic policy economic growth",
        "authors": "Michal Brzozowski",
        "year": "2006",
        "abstract": null,
        "keywords": null,
        "url": "https://scholar.google.com/scholar?cluster=14233772224915864560&hl=en&oi=scholarr"
    },
    {
        "title": "poland european union dynamic economic convergence",
        "authors": "Michał Brzozowski",
        "year": "2007",
        "abstract": "purpose publication present result dynamic threat real convergence process polish economy eve moment poland accession eu believe allow clarification condition opportunity arising integration accelerating economic growth favorable evolution industrial competitiveness utilized poland also point challenge facing polish macroeconomic policy implementation may hindered speculative pressure foreign exchange market preceding decision adopt euro resulting instability foreign exchange market may negatively affect real sphere economy slow pace reducing income disparity country old member union necessity limit budget deficit may also exert deflationary pressure weakening pace economic growth thus delaying process real convergence analyze monetary exchange rate policy strategy used poland candidate country assess effectiveness striving achieve maintain nominal convergence adopting euro believe result research indicate economic condition met economic policy pursued make good use eu membership time create basis rational reception public opinion actual effect economic integration hope due importance analyzed issue",
        "keywords": null,
        "url": "https://scholar.google.com/scholar?cluster=1279523348829578063&hl=en&oi=scholarr"
    },
    {
        "title": "determinant capital flow emerging advanced economy 1990 2011",
        "authors": "Grzegorz Tchorek, Michał Brzozowski, Paweł Śliwiński",
        "year": "2017/4",
        "abstract": "previous latest crisis confirmed stability external financing economy determined volume capital inflow also structure established bias gross external liability towards debt especially may rise vulnerability financial crisis greater share equity capital mainly direct investment found bear financial risk result bayesian averaging bma show influence variable inherent macroeconomic portfolio approach varies depending type capital inflow group country also find argument equity investment desirable form foreign capital debt inflow responsive global factor therefore volatile word caution highlight need diversification careful monitoring external financing source form",
        "keywords": null,
        "url": "https://link.springer.com/article/10.1007/s10258-016-0126-5"
    },
    {
        "title": "social capital value case polish car sharing company",
        "authors": "Grzegorz Tchorek, Michał Brzozowski, Katarzyna Dziewanowska, Agnieszka Allen, Waldemar Kozioł, Michał Kurtyka, Filip Targowski",
        "year": "2020/6/9",
        "abstract": "based original unique collected 1000 user panek carsharing poland biggest car sharing company warsaw explored role social trust social capital stipulating process value understood ability share information engage dialogue user system operator result indicate particular trust positive influence dialogue user operator general trust mean higher social capital established among relatively coherent group people similar interest common goal important general trust arising assumption people trusted even know moreover customer see shared car substitute private ownership well environmentally aware reveal greater propensity share information important incentive information sharing positive influence improving quality car sharing system",
        "keywords": null,
        "url": "https://www.mdpi.com/2071-1050/12/11/4713"
    },
    {
        "title": "impact gdp volatility current account balance",
        "authors": "Michał Brzozowski, Sadananda Prusty",
        "year": "2013/1/1",
        "abstract": "report empirical investigation impact gdp volatility current account balance large sample developed developing country extend standard set determinant current account include gdp volatility computed annual growth rate gdp found low income country impact gdp volatility current account balance negative whereas reverse true high income country intertemporal approach balance payment followed suggests diverse response current account balance gdp volatility result various degree shock persistence developed developing country",
        "keywords": null,
        "url": "https://www.inderscienceonline.com/doi/abs/10.1504/IJEBR.2013.052481"
    },
    {
        "title": "technical structure economy technology diffusion perspective poland real convergence eu poland european union",
        "authors": "M Brzozowski, S Kubielas",
        "year": "2007",
        "abstract": null,
        "keywords": null,
        "url": "https://scholar.google.com/scholar?cluster=2983086879178003055&hl=en&oi=scholarr"
    },
    {
        "title": "gender equality determinant fdi flow central european country",
        "authors": "Michał Brzozowski",
        "year": "2013",
        "abstract": "purpose ass weight human capital gender equality explaining bilateral fdi inflow 11 central european economy group comprises ten country acceded eu 2004 2007 croatia candidate country since focus region justified fact european commission acknowledged fostering human capital development gender equality condition economic development period investigation encompasses includes global fdi flow peak achieved 2007 well two year sharp decline 2008 fdi mostly seeking oriented however gender inequality health access education may create pool worker profitably exploited unless level productivity seriously hindered gender disparity",
        "keywords": null,
        "url": "https://www.ceeol.com/search/article-detail?id=416998"
    },
    {
        "title": "credit volatility productivity growth",
        "authors": "Michał Brzozowski",
        "year": "2018",
        "abstract": "issue nexus financial instability attracted considerable attention studied isolation aim filling gap providing insight implication financial instability long term productivity growth purpose article shed light relationship ratio volatility total factor productivity tfp growth rate impact systemic banking crisis financial depth productivity growth also studied method system gmm estimation panel 100 country spanning period used decomposition ratio trend cyclical component performed using filter regression intercept slope tfp come penn world table database finding value added tfp",
        "keywords": null,
        "url": "https://www.ceeol.com/search/article-detail?id=716032"
    },
    {
        "title": "impact financial market development exchange rate stability economic growth central eastern european country",
        "authors": "Michał Brzozowski",
        "year": "2009",
        "abstract": "process integration eurozone brings two phenomenon affect capital accumulation productivity firstly entity gain access financial market cost obtaining loan fund generally lower local market due reduction risk premium lower inflation expectation higher degree development competition financial market encourages investment carry greater risk including investment r sector increase multifactor productivity",
        "keywords": null,
        "url": "https://nbp.pl/wp-content/uploads/2022/11/re11.pdf#page=292"
    },
    {
        "title": "identifying central bank preference case poland",
        "authors": "Michal Brzozowski",
        "year": "2004",
        "abstract": "seek test hypothesis weight output gap variability central bank loss function equal zero poland end derive monetary policy reaction function central bank optimization problem find weight assigned target variable constant period weight attached inflation stabilization objective central bank loss function poland equal weight assigned output gap stabilization period latter goal disregarded since 2000",
        "keywords": null,
        "url": "https://gupea.ub.gu.se/handle/2077/2772"
    },
    {
        "title": "access credit growth firm",
        "authors": "Michał Brzozowski",
        "year": "2019/5/1",
        "abstract": "aim analyze employment sale growth company transition country eastern europe central asia obtained bank credit aftermath global financial crisis shown using treatment effect loan negatively positively related employment growth sale growth respectively loan completely remove restriction accessing finance positive sale growth",
        "keywords": null,
        "url": "https://search.ebscohost.com/login.aspx?direct=true&profile=ehost&scope=site&authtype=crawler&jrnl=00151920&AN=137573638&h=dN7t79Vj%2BxvyQ9oZ4pvgxk4NXat1DnZQYMmD%2BTP77sY3bqEAEav6%2BW3OIVocSbiKrFJ9b%2Fdd8kTZufGFKSwlnA%3D%3D&crl=c"
    },
    {
        "title": "exchange rate risk obstacle export activity",
        "authors": "Michał Brzozowski, Grzegorz Tchorek",
        "year": "2017",
        "abstract": "focus identifying major factor determine vulnerability polish manufacturing company exchange rate risk order verify hypothesis estimated logistic regression model based unique database assess internal external factor make company vulnerable exchange rate risk observation confirm importance exchange rate variability one obstacle starting conducting export activity well expanding new market found exchange rate risk particularly severe company financially constrained get financing abroad well whose balance sheet negatively affected devaluation also vulnerable innovative firm rely input import exchange rate volatility appears less concern company enterprise higher share receivables invoice export polish zloty company competing mean product quality distribution channel also among less vulnerable exchange rate risk generally confirmed problem exchange rate risk important cost export activity give implication exchange rate risk management macroeconomic microeconomic level well monetary integration",
        "keywords": null,
        "url": "https://cejsh.icm.edu.pl/cejsh/element/bwmeta1.element.doi-10_33119_GN_100752"
    },
    {
        "title": "determinant corporate saving impact macroeconomic situation poland year",
        "authors": "Natalia Nehrebecka, Anna Białek-Jaworska, Michał Brzozowski",
        "year": "2015",
        "abstract": "analyzes saving investment enterprise impact macroeconomic situation poland including gdp stability macroeconomic perspective quarterly eurostat sectoral national income account period used microeconomic perspective individual annual statistical report year",
        "keywords": null,
        "url": "https://static.nbp.pl/publikacje/materialy-i-studia/ms319.pdf"
    },
    {
        "title": "public spending volatility financial market development",
        "authors": "Michał Brzozowski, Joanna Siwińska-Gorzelak",
        "year": "2013/3/1",
        "abstract": "volatile pattern government spending financing trigger uncertainty timing cost asset sale financial market thereby leading higher interest rate turn hamper extension credit business individual empirical result obtained wide group developed developing country studied period corroborate existence negative link fiscal volatility financial development jel code h20 g10",
        "keywords": null,
        "url": "https://academic.oup.com/cesifo/article-abstract/59/1/72/305305"
    },
    {
        "title": "technical structure economy technology diffusion perspective poland real convergence eu jj michałek siwiński mw socha",
        "authors": "M Brzozowski, S Kubielas",
        "year": "2007",
        "abstract": null,
        "keywords": null,
        "url": "https://scholar.google.com/scholar?cluster=12548658410840506592&hl=en&oi=scholarr"
    },
    {
        "title": "diffusion technology capital import condition trade capital flow liberalization",
        "authors": "M Brzozowski, S Kubielas",
        "year": "2003",
        "abstract": null,
        "keywords": null,
        "url": "https://scholar.google.com/scholar?cluster=10981349696086078204&hl=en&oi=scholarr"
    },
    {
        "title": "interplay public private external debt stock",
        "authors": "Michał Brzozowski, Joanna Siwińska‐Gorzelak",
        "year": "2016/12",
        "abstract": "using sample 48 emerging developing country period investigated interaction stock sovereign debt quantity corporate external borrowing found public external debt hinders access external loan bond market contrast stock private debt international financial market exerts positive influence public external debt source except private creditor also found incidence bank crisis capital account openness rate economic growth among macroeconomic variable significant impact public private external debt",
        "keywords": null,
        "url": "https://onlinelibrary.wiley.com/doi/abs/10.1111/infi.12095"
    },
    {
        "title": "fiscal imbalance fiscal rule sovereign bond yield",
        "authors": "Michał Brzozowski, Joanna Siwińska-Gorzelak",
        "year": "2013",
        "abstract": "impact fiscal imbalance sovereign bond yield issue received considerable attention researcher policymakers starting seminal work edward 1984 acknowledgedthat bigger fiscal imbalance tend increase bond yield increase default risk hand studieshave reported impact deteriorating fiscal imbalance quantitatively small causing interest rate punishment fiscal indiscipline highly uncertain faini 2006 noted appear marked increase higher interest expenditure despite rising debt burden arguably effective feedback policymakers often contend higher deficit debt arguably effective feedback policymakers often contend higher deficit debt hauner kumar 2006 recent surge level public indebtedness issue related possible impact fiscal deficit public debt sovereign bond yield seem relevant ever however many study shown fiscal outcome shaped institutional surrounding fiscal policy including fiscal rule see example bohn inman 1996 debrun kumar 2007 larch turrini 2008 therefore similar fiscal outcome could different impact bond yield depending presence quality fiscal rule shape investor expectation regarding possible future fiscal consolidation future fiscal imbalance",
        "keywords": null,
        "url": "https://bibliotekanauki.pl/articles/1011841.pdf"
    }
]