[
    {
        "title": "baltic sea time machine future coastal ocean",
        "authors": "Thorsten BH Reusch, Jan Dierking, Helen C Andersson, Erik Bonsdorff, Jacob Carstensen, Michele Casini, Mikolaj Czajkowski, Berit Hasler, Klaus Hinsby, Kari Hyytiäinen, Kerstin Johannesson, Seifeddine Jomaa, Veijo Jormalainen, Harri Kuosa, Sara Kurland, Linda Laikre, Brian R MacKenzie, Piotr Margonski, Frank Melzner, Daniel Oesterwind, Henn Ojaveer, Jens Christian Refsgaard, Annica Sandström, Gerald Schwarz, Karin Tonderski, Monika Winder, Marianne Zandersen",
        "year": "2018/5/9",
        "abstract": "coastal global ocean expected undergo drastic change driven climate change increasing anthropogenic pressure coming decade predicting specific future condition assessing best management strategy maintain ecosystem integrity sustainable resource use difficult multiple interacting pressure uncertain projection lack test case management argue baltic sea serve time machine consequence mitigation future coastal perturbation due unique combination early history multistressor disturbance ecosystem deterioration early implementation environmental management address problem baltic sea also stand providing strong scientific foundation accessibility series provide unique opportunity assess efficacy",
        "keywords": null,
        "url": "https://www.science.org/doi/abs/10.1126/sciadv.aar8195"
    },
    {
        "title": "environmental valuation discrete choice experiment guidance design implementation",
        "authors": "Petr Mariel, David Hoyos, Jürgen Meyerhoff, Mikolaj Czajkowski, Thijs Dekker, Klaus Glenk, Jette Bredahl Jacobsen, Ulf Liebe, Søren Bøye Olsen, Julian Sagebiel, Mara Thiene",
        "year": "2021",
        "abstract": "open access book offer advice practical guidance undertake discrete choice experiment tool environmental valuation discusses crucial issue designing implementing analysing choice experiment compiled leading expert field book promotes discrete choice environmental valuation solid scientific basis research practice instead providing strict guideline book help reader avoid common mistake often found applied work based collective reflection scientific network researcher using discrete choice modelling field environmental valuation",
        "keywords": null,
        "url": "https://library.oapen.org/handle/20.500.12657/43295"
    },
    {
        "title": "environmental attitude place identity determinant preference ecosystem service",
        "authors": "Michela Faccioli, Mikołaj Czajkowski, Klaus Glenk, Julia Martin-Ortega",
        "year": "2020/8/1",
        "abstract": "stated preference method frequently employed measure people willingness pay wtp ecosystem service however technique also criticized following simplified approach often ignores role complex psychological sociological factor general environmental attitude place identity belief mean discrete choice experiment exercise explored influence general environmental attitude place identity perception wtp taking peatland restoration scotland case research add existing literature providing nuanced picture determinant wtp exploring mapping distribution estimated welfare measure result obtained estimation hybrid choice model show people positive environmental attitude greater attachment peatlands",
        "keywords": null,
        "url": "https://www.sciencedirect.com/science/article/pii/S0921800919308626"
    },
    {
        "title": "social norm moral determinant behaviour case household recycling",
        "authors": "Mikołaj Czajkowski, Nick Hanley, Karine Nyborg",
        "year": "2017/4/1",
        "abstract": "considers role selfish moral social incentive pressure play explaining extent stated choice behaviour vary across individual empirical context choice household waste contract recycling action poland theoretical used show motif desire positive self social image combine determine utility alternative choice recycling behaviour describe discrete choice experiment designed empirically investigate effect driver stated choice hybrid logit used link statement attitude recycling choice dealing potential endogeneity problem caused joint effect attitude choice find substantial share respondent prefer sort waste home rather",
        "keywords": null,
        "url": "https://link.springer.com/article/10.1007/s10640-015-9964-3"
    },
    {
        "title": "discrete choice experiment approach environmental contingent valuation",
        "authors": "Richard T Carson, Miko_aj Czajkowski",
        "year": "2014/8/29",
        "abstract": "assessing economic desirability environmental policy requires estimating value commodity response several valuation technique developed since 1960s utilize two general stated preference former refers situation people choice observed actual market situation conversely stated preference refers situation choice observed survey context stated preference sp method allow collection information respondent preference environmental amenity interest observing choice hypothetical situation presented survey observed choice contingent scenario posed survey environmental economics literature commonly us term contingent valuation cv describe process utilizing stated preference valuation",
        "keywords": null,
        "url": "https://www.elgaronline.com/downloadpdf/edcoll/9781781003145/9781781003145.00015.pdf"
    },
    {
        "title": "economic valuation air pollution mortality contingent valuation survey value life year voly",
        "authors": "B Desaigues, D Ami, A Bartczak, M Braun-Kohlová, S Chilton, M Czajkowski, V Farreras, Alistair Hunt, M Hutchison, C Jeanrenaud, P Kaderjak, V Máca, O Markiewicz, A Markowska, H Metcalf, S Navrud, J Seested Nielsen, R Ortiz, S Pellegrini, A Rabl, R Riera, M Scasny, M-E Stoeckel, R Szántó, J Urban",
        "year": "2011/5/1",
        "abstract": "provides key element calculation damage cost air pollution namely valuation mortality important premature mortality make far largest contribution whereas several study tried quantify cost air pollution mortality multiplying number death value prevented fatality also known value statistical life explain approach correct one need evaluate change life expectancy due air pollution therefore estimate monetary value life year voly needed appropriate method determining voly contingent valuation cv determine voly eu conducted cv survey 9 european country france spain uk denmark germany switzerland czech republic hungary poland total sample size 1463 person based result",
        "keywords": null,
        "url": "https://www.sciencedirect.com/science/article/pii/S1470160X10002116"
    },
    {
        "title": "want sort assessing household preference sorting waste",
        "authors": "Mikołaj Czajkowski, Tadeusz Kądziela, Nick Hanley",
        "year": "2014/1/1",
        "abstract": "two major way solid waste sorted recycled household level household required sort waste given number category specialised sorting facility traditionally thought sorting household level inconvenience us space requires time effort provides empirical evidence contrary indicating home sorting net source utility people carefully designed choice experiment collected stated choice member polish municipality respect way waste sorted often collected hypothetical scenario employed respondent informed waste sorted anyway household level specialised sorting facility interestingly show large group people willing sort waste",
        "keywords": null,
        "url": "https://www.sciencedirect.com/science/article/pii/S0928765513000353"
    },
    {
        "title": "value familiarity effect knowledge objective signal willingness pay public good",
        "authors": "Jacob LaRiviere, Mikołaj Czajkowski, Nick Hanley, Margrethe Aanesen, Jannike Falk-Petersen, Dugald Tinch",
        "year": "2014/9/1",
        "abstract": "design conduct field experiment treated subject receive precise objective signal regarding knowledge public good estimating wtp find causal objective signal accuracy knowledge public good dramatically affect valuation treatment caused significant increase 129 wtp individual find less informed subject result imply wtp estimate public good function true information state respondent belief information state",
        "keywords": null,
        "url": "https://www.sciencedirect.com/science/article/pii/S0095069614000692"
    },
    {
        "title": "valuing change forest biodiversity",
        "authors": "Mikołaj Czajkowski, Małgorzata Buszko-Briggs, Nick Hanley",
        "year": "2009/10/15",
        "abstract": "attempt improve current understanding economic value biodiversity instead prevailing approach using one indicator biodiversity typically specie richness provide evidence possible value change number attribute describe complex characteristic biodiversity based ecological knowledge attribute used include structural specie functional diversity empirical application choice experiment conducted białowieża forest poland therefore also one first cast light value biodiversity protection eastern europe interestingly respondent valued passive protection regime resulting preservation natural ecological process addition respondent seemed concerned mean result protection programme",
        "keywords": null,
        "url": "https://www.sciencedirect.com/science/article/pii/S0921800909002596"
    },
    {
        "title": "choice experiment assessment public preference forest structural attribute",
        "authors": "Marek Giergiczny, Mikołaj Czajkowski, Tomasz Żylicz, Per Angelstam",
        "year": "2015/11/1",
        "abstract": "combining approach used landscape research valuation technique aim document human habitat selection recreational purpose gradient forest naturalness result indicate respondent prefer older stand vertical layering irregularly spaced tree greater number tree specie thus indicates forest managed left unmanaged biodiversity purpose also likely attractive human conclude greater management intensity associated higher disutility regardless employed perceive risk conflict forest management designed protect biodiversity management targeting recreational value consequently need spatially differentiated forest management discriminates among different function state ownership larger polish",
        "keywords": null,
        "url": "https://www.sciencedirect.com/science/article/pii/S0921800915003237"
    },
    {
        "title": "spatial heterogeneity willingness pay forest management",
        "authors": "Mikołaj Czajkowski, Wiktor Budziński, Danny Campbell, Marek Giergiczny, Nick Hanley",
        "year": "2017/11",
        "abstract": "investigates spatial heterogeneity public preference implementation new forest management protection program poland spatial econometric method high resolution geographical information system related forest characteristic used explain variation willingness pay wtp value derived discrete choice experiment find respondent wtp higher closer live nearest forest scarcer forest area live interestingly higher ecological value forest respondent area people prefer extending area national forest protection also investigate spatial pattern wtp score latent class membership probability finding preference indeed spatially clustered argue clustering",
        "keywords": null,
        "url": "https://link.springer.com/article/10.1007/s10640-016-0044-0"
    },
    {
        "title": "learning fatigue effect revisited investigating effect accounting unobservable preference scale heterogeneity",
        "authors": "Mikolaj Czajkowski, Marek Giergiczny, William H Greene",
        "year": "2014/5/1",
        "abstract": "using multiple choice task per respondent discrete choice experiment study increase amount available information however respondent learning fatigue may lead change observed utility function preference taste parameter well variance error term scale need controlled avoid potential bias sizable body empirical research offer mixed evidence term whether ordering effect observed point significant component explaining difference show accounting unobservable preference scale heterogeneity influence magnitude observed ordering effect jel q23 q51",
        "keywords": null,
        "url": "https://le.uwpress.org/content/90/2/324.short"
    },
    {
        "title": "effect experience preference theory empirics environmental public good",
        "authors": "Mikołaj Czajkowski, Nick Hanley, Jacob LaRiviere",
        "year": "2015/1",
        "abstract": "article develops choice environmental public good allows consumer learn preference consumption experience develop theoretical bayesian updating perform comparative static show theoretical consistently incorporated reduced form econometric main finding random utility rum discrete choice subject scale increase variability scale decrease experience subject bayesians estimate using field regarding preference one particular public good water quality find strong evidence additional experience increase scale thereby making consumer preference predictable econometrician perspective find supportive less convincing evidence experience",
        "keywords": null,
        "url": "https://onlinelibrary.wiley.com/doi/abs/10.1093/ajae/aau087"
    },
    {
        "title": "benefit meeting nutrient reduction target baltic contingent valuation nine coastal state",
        "authors": "Heini Ahtiainen, Janne Artell, Mikołaj Czajkowski, Berit Hasler, Linus Hasselström, Anni Huhtala, Jürgen Meyerhoff, James CR Smart, Tore Söderqvist, Mohammed H Alemu, Daija Angeli, Kim Dahlbo, Vivi Fleming-Lehtinen, Kari Hyytiäinen, Aljona Karlõševa, Yulia Khaleeva, Marie Maar, Louise Martinsen, Tea Nõmmann, Kristine Pakalniete, Ieva Oskolokaite, Daiva Semeniene",
        "year": "2014/9/2",
        "abstract": "present result internationally coordinated contingent valuation benefit reducing marine eutrophication baltic sea according current policy target respondent nine coastal state around sea examine public willingness pay wtp reduced eutrophication determinant considerable difference mean wtp country swede willing pay latvian least aggregate annual wtp approximately million addition find country heterogeneous term effect income attitude familiarity wtp income elasticity wtp 1 country ranging attitude personal experience eutrophication important determinant wtp specific effect differ country finding used",
        "keywords": null,
        "url": "https://www.tandfonline.com/doi/abs/10.1080/21606544.2014.901923"
    },
    {
        "title": "role stated preference valuation method understanding choice informing policy",
        "authors": "Nick Hanley, Mikołaj Czajkowski",
        "year": "2019/8/1",
        "abstract": "article examines role stated preference sp valuation method environmental economist toolbox overall article make case using sp method wide range setting showing approach used inform policy gain better understanding people choice preference first provide overview sp method discus number policy design issue believe sp method advantage alternative approach ability sp overcome hypothetical market bias briefly reviewed next discus sp method used address research issue concerning people preference choice broader implication economics behavioral science research issue 1 effect information learning knowledge 2 testing validity standard consumer choice 3",
        "keywords": null,
        "url": "https://www.journals.uchicago.edu/doi/full/10.1093/reep/rez005"
    },
    {
        "title": "willingness pay unfamiliar public good preserving coral norway",
        "authors": "Margrethe Aanesen, Claire Armstrong, Mikołaj Czajkowski, Jannike Falk-Petersen, Nick Hanley, Ståle Navrud",
        "year": "2015/4/1",
        "abstract": "world largest concentration coral cwc found norwegian coast cwc discovery recent posing new challenge norwegian coastal fishery authority regarding management resource scientific knowledge cwc limited many citizen even heard creates problem application stated preference method capture economic value study conducted fill gap designed discrete choice experiment implemented valuation workshop setting order derive estimate participant willingness pay wtp increasing protection cwc despite fact marine industry fishery could adversely affected cwc protection reduce respondent willingness pay protection",
        "keywords": null,
        "url": "https://www.sciencedirect.com/science/article/pii/S0921800915000464"
    },
    {
        "title": "new baseline estimating willingness pay discrete choice model",
        "authors": "Richard T Carson, Mikołaj Czajkowski",
        "year": "2019/5/1",
        "abstract": "show substantive problem exists ratio coefficient approach calculating willingness pay wtp discrete choice model correctly calculated standard error wtp using approach shown undefined occurs cost parameter standard error implies possibility true parameter value arbitrarily close zero propose simple yet elegant way overcome problem reparameterizing negative cost variable coefficient using exponential transformation enforce theoretically correct positive coefficient confidence interval wtp finite well behaved",
        "keywords": null,
        "url": "https://www.sciencedirect.com/science/article/pii/S0095069618302602"
    },
    {
        "title": "addressing empirical challenge related incentive compatibility stated preference method",
        "authors": "Mikołaj Czajkowski, Christian A Vossler, Wiktor Budziński, Aleksandra Wiśniewska, Ewa Zawojska",
        "year": "2017/10/1",
        "abstract": "emerging theoretical literature focused incentive compatibility stated preference survey offer new lens view extant evidence external validity provides guidance practitioner however critical theoretical assumption rest latent respondent belief belief respondent view survey potentially influencing policy policy consequentiality give rise pressing empirical challenge develop hybrid mixed logit capable integrating multiple latent belief subjective measure belief discrete choice stated preference planned use resource also considered latent variable frequently important consideration modelling stated preference change good demonstrate framework used incorporate information simultaneously",
        "keywords": null,
        "url": "https://www.sciencedirect.com/science/article/pii/S0167268117302019"
    },
    {
        "title": "social norm nudging preference household recycling",
        "authors": "Mikołaj Czajkowski, Katarzyna Zagórska, Nick Hanley",
        "year": "2019/11/1",
        "abstract": "previous research behaviour shown nudge effective changing behaviour setting however useful policy tool nudge stable predictable impact targeted behaviour use randomized experiment test one specific nudge namely communication descriptive social norm examines whether effect nudge stated preference household recycling indeed stable predictable term household willingness pay waste collection contract requiring recycling effort household three aspect social norm varied absolute level geographic proximity whether relative performance information included find respondent generally respond positively social norm information necessarily monotonic highest social",
        "keywords": null,
        "url": "https://www.sciencedirect.com/science/article/pii/S0928765518303993"
    },
    {
        "title": "disentangling effect policy payment consequentiality risk attitude stated preference",
        "authors": "Ewa Zawojska, Anna Bartczak, Mikołaj Czajkowski",
        "year": "2019/1/1",
        "abstract": "incentivizing respondent truthfully reveal preference stated preference survey requires believe survey response influence decision related outcome question policy consequentiality bear share coercive cost outcome implemented payment consequentiality investigate effect two aspect perceived consequentiality stated preference field survey concerning renewable energy development poland find belief policy payment consequentiality strengthen respondent interest project implemented however policy consequentiality decrease payment consequentiality increase sensitivity project cost respectively increase decrease project conclude two aspect consequentiality",
        "keywords": null,
        "url": "https://www.sciencedirect.com/science/article/pii/S0095069618300172"
    }
]