[
    {
        "title": "cost reducing co2 emission integrating abatement technology economic modeling",
        "authors": "Olga Kiuila, Thomas F Rutherford",
        "year": "2013/3/1",
        "abstract": "explore two method incorporating abatement cost estimate modeling method method carbon emission generally depend technology scale given technology option abatement possible without substantial reduction scale otherwise change must come purely reduction demand show cost environmental policy considerably overestimated model abatement cost curve included using swiss economy demonstrate two technique representing abatement function explicitly computable general equilibrium traditional hybrid discrete technology modeling approach result suggest current climate policy switzerland able move economy towards required 10 co2",
        "keywords": null,
        "url": "https://www.sciencedirect.com/science/article/pii/S0921800912004892"
    },
    {
        "title": "effect income education age health",
        "authors": "Olga Kiuila, Peter Mieszkowski",
        "year": "2007/8",
        "abstract": "use core interview u health interview survey year effect socioeconomic status s mortality health find consistent previous study relationship mortality indicator education income diminishes age consider new explanation result conclude general biological deterioration old age probably principal one one important piece evidence conclusion finding relationship mortality s people whose health status baseline either fair poor copyright 2007 john wiley son ltd",
        "keywords": null,
        "url": "https://onlinelibrary.wiley.com/doi/abs/10.1002/hec.1203"
    },
    {
        "title": "decarbonisation perspective polish economy",
        "authors": "Olga Kiuila",
        "year": "2018/7/1",
        "abstract": "coming decade energy sector poland undergo substantial transition towards low carbon usage predominant impact economy several modernization scenario energy policy currently discussed government yet concluded main objective provide tool allows simulate scenario show impact decarbonisation whole economy propose intertemporal hybrid general equilibrium modeling incorporates energy technology approach directly macroeconomic structure approach accounting wide adjustment economy controlling major constraint give unique detailed insight future shape energy sector prospect low carbon economy poland simulation result suggest",
        "keywords": null,
        "url": "https://www.sciencedirect.com/science/article/pii/S0301421518301824"
    },
    {
        "title": "expected effect ecological tax reform polish economy",
        "authors": "Olga Kiuila, Jerzy Sleszynski",
        "year": "2003/8/1",
        "abstract": "present assessment possible consequence ecological tax reform polish economy computable general equilibrium used calibrated base year 1995 provides result year six different scenario considered final result confirm theoretical practical implication ecological tax reform experience western european country reform favorable based concept shifting tax burden labor force household income environmental pollution effect proposed tax reform poland would slow economic growth reform however implemented package change entire tax system comprehensive reform could even contribute economic growth polish economy",
        "keywords": null,
        "url": "https://www.sciencedirect.com/science/article/pii/S0921800903001241"
    },
    {
        "title": "piecewise smooth approximation abatement cost curve",
        "authors": "Olga Kiuila, Thomas F Rutherford",
        "year": "2013/11/1",
        "abstract": "model usually include function describe marginal cost curve model use step function curve cost curve available explicitly represent curve order replicate shape instead using arbitrary assumption propose several method approximate piecewise function step function using constant elasticity substitution technology specifically consider pollution abatement sector calibrate parameter abatement function order allow proper assessment economic effect environmental policy methodology applied sector characterized decreasing return scale technology conclude elasticity substitution need estimated basis historical precisely calibrated basis",
        "keywords": null,
        "url": "https://www.sciencedirect.com/science/article/pii/S0140988313001618"
    },
    {
        "title": "cge place",
        "authors": "Michał Antoszewski, Jakub Boratyński, Magdalena Zachłod-Jelec, Krzysztof Wójtowicz, Maciej Cygler, Robert Jeszke, Maciej Pyrka, Przemysław Sikora, Jan Gąska, Erika Jorgensen, Leszek Kąsek, Ryszard Malarski, Wojciech Rabiega",
        "year": "2015",
        "abstract": "place static computable general equilibrium cge designed assess economic impact energy climate policy policy typically analyzed using comparative static approach situation policy interference compared situation without policy interference often termed baseline based general equilibrium theory place incorporates mechanism within comprehensive framework distinguishes economic model multivariate econometric model input output particular strength cge approach scope quantifying distributional impact policy ability reflect complex sectoral adjustment document constitutes technical documentation place aim present underlying algebra source used different stage development",
        "keywords": null,
        "url": "https://cor.sgh.waw.pl/handle/20.500.12182/409"
    },
    {
        "title": "transition economy implement carbon tax hope double dividend case estonia",
        "authors": "Olga Kiuila, Anil Markandya",
        "year": "2009/4/22",
        "abstract": "article present simulation impact carbon tax reform estonian economy using computable general equilibrium nine different scenario considered result proposed tax reform hamper country economic development provided appropriate tax option used reform implemented package change entire tax system",
        "keywords": null,
        "url": "https://www.tandfonline.com/doi/abs/10.1080/13504850701221816"
    },
    {
        "title": "economic environmental effect unilateral climate action",
        "authors": "Olga Kiuila, Krzysztof Wójtowicz, Tomasz Żylicz, Leszek Kasek",
        "year": "2016/2",
        "abstract": "unilateral climate policy detrimental global climate protection objective provide insight policy quantify risk carbon leakage investigate effect related potential measure analyze existing definition carbon leakage propose alternative rigorous one different three respect definition tested using computable general equilibrium global economy decomposition identify list parameter affect magnitude also sign carbon leakage rate manipulating elasticity substitution suggests carbon leakage either positive negative computable general equilibrium model widely applied including european commission area transparent assumption call careful validation find",
        "keywords": null,
        "url": "https://link.springer.com/article/10.1007/s11027-014-9597-9"
    },
    {
        "title": "taxing air pollutant carbon individually jointly result cge enriched emission abatement sector",
        "authors": "Olga Kiuila, Anil Markandya, Milan Ščasný",
        "year": "2019/1/2",
        "abstract": "analyse separate collective impact emission taxation understand internalisation effect externality carried using static computable general equilibrium unemployment abatement technology represented step function detailed emission coefficient environmental health external cost quantified using externe impact pathway approach emission result environmental taxation fall reduced output production factor substitution increased end pipe abatement activity show full internalisation environmental externality result modest overall economic environmental welfare gain however difference term employment output depending combination tax applied sector covered fiscal revenue",
        "keywords": null,
        "url": "https://www.tandfonline.com/doi/abs/10.1080/09535314.2018.1508000"
    },
    {
        "title": "sectoral macroeconomic impact large combustion plant poland general equilibrium",
        "authors": "Olga Kiuila, Grzegorz Peszko",
        "year": "2006/5/1",
        "abstract": "analysis final incidence direct cost implementation eu directive so2 nox emission limit large combustion plant poland first simulate perspective compliance directive appears associated direct cost second realistic perspective modeled abatement cost borne power sector become revenue sector supplying abatement technology service simulation indicate environmental benefit implementation unaccounted directive would seem cause deadweight loss economy overall impact however likely less negative interest group claim",
        "keywords": null,
        "url": "https://www.sciencedirect.com/science/article/pii/S0140988306000314"
    },
    {
        "title": "interaction trade environmental policy czech republic",
        "authors": "Olga Kiuila",
        "year": "2015/10/3",
        "abstract": "czech republic obliged implement pollution charge accordance eu environmental policy charge may affect international competitiveness country since applied domestically produced imported commodity investigate environmental taxation six main pollutant affect czech competitiveness using computable general equilibrium modeling approach consider economy endogenous unemployment ten type tax distinction tax product tax production essential fiscal policy emission reduction possible either substitution less polluting input reduction output technical abatement last channel emission reduction ignored study result show import",
        "keywords": null,
        "url": "https://www.tandfonline.com/doi/abs/10.1080/09638199.2014.995208"
    },
    {
        "title": "calibration abatement cost function using ce technology",
        "authors": "Olga Kiuila, Thomas Rutherford",
        "year": "2010/9/12",
        "abstract": "estimate abatement cost impact public perception regarding feasibility greenhouse gas abatement yet estimate narrowly defined partial equilibrium basis explores extent policy conclusion depend assessment greenhouse gas abatement option integrated analysis economic cost investigate several method purpose perspective approach approach case compare smooth approximation abatement function activity method framework focus scope abatement option light duty vehicle using computable general equilibrium switzerland find pollution abatement option represented aggregate either activity smooth approximation",
        "keywords": null,
        "url": "https://scholar.google.com/scholar?cluster=5805085740906440456&hl=en&oi=scholarr"
    },
    {
        "title": "economic repercussion sulfur regulation poland",
        "authors": "Olga Kiuila",
        "year": "2003/6/1",
        "abstract": "using applied general equilibrium technique possible compute alternative equilibrium different policy regime assess impact change used technique verify effect so2 emission reduction poland according international sulfur agreement simulation result suggest future emission reduction may positive polish economic indicator afraid slump emitting sector sector may increase so2 emission abate afterwards rather decrease emission poor household may even gain welfare positive",
        "keywords": null,
        "url": "https://www.sciencedirect.com/science/article/pii/S0161893803000085"
    },
    {
        "title": "cost adjusting polish economy second sulphur protocol",
        "authors": "O Kiuila",
        "year": "2000",
        "abstract": null,
        "keywords": null,
        "url": "https://scholar.google.com/scholar?cluster=7035294800592343751&hl=en&oi=scholarr"
    },
    {
        "title": "economic modeling approach optimization versus equilibrium",
        "authors": "Olga Kiuila, Thomas F Rutherford",
        "year": "2014",
        "abstract": "discusses three general class nonlinear programming model objective show represent optimization problem nonlinear program compact format using extended mathematical programming useful tool especially case complementarity representation mixed complementarity problem could difficult apply reflect special feature abstract neoclassical growth infinite horizon illustrate four distinct approach computing equilibrium transition path relationship optimization equilibrium modeling explored conclude test new representation extended mathematical programming using two common general equilibrium study literature ramsey negishi new framework allows define complementarity problem formulated optimization problem thus resulting becomes fact complementarity problem",
        "keywords": null,
        "url": "https://www.wne.uw.edu.pl/inf/wyd/WP/WNE_WP121.pdf"
    },
    {
        "title": "abatement option impact climate policy",
        "authors": "Olga Kiuila, Thomas F Rutherford",
        "year": "2010/6/21",
        "abstract": "estimate abatement cost impact public perception regarding feasibility greenhouse gas abatement yet estimate narrowly defined partial equilibrium basis explores extent policy conclusion depend assessment greenhouse gas abatement option integrated analysis economic cost investigate several method purpose perspective approach approach case compare smooth approximation abatement function activity method framework focus scope abatement option light duty vehicle using computable general equilibrium switzerland find pollution abatement option represented aggregate either activity smooth approximation",
        "keywords": null,
        "url": "https://scholar.google.com/scholar?cluster=2971823734344059939&hl=en&oi=scholarr"
    },
    {
        "title": "concept ecological tax poland",
        "authors": "Olga Kiuila, Jerzy Śleszyński",
        "year": "2003",
        "abstract": "article provides preliminary assessment potential effect tax reform polish economy conducted using general equilibrium forecast year six different economic scenario presented including comparison implementation reform result obtained consistent theoretical practical conclusion could drawn experience western european country previously implemented tax reform",
        "keywords": null,
        "url": "http://bazekon.icm.edu.pl/bazekon/element/bwmeta1.element.ekon-element-000000117678"
    },
    {
        "title": "approximation marginal abatement cost curve",
        "authors": "Olga Kiuila, Thomas F Rutherford",
        "year": "2014/7",
        "abstract": "model usually include function describe marginal cost curve model describe curve step function bottomup cost curve available explicitly represent curve order replicate shape instead arbitrary assumption propose method approximate piecewise function step function using constant elasticity substitution technology specifically consider pollution abatement sector calibrate parameter abatement function order able properly assess economic effect environmental policy methodology applied sector characterized decreasing return scale technology conclude elasticity substitution need estimated basis historical precisely calibrated basis engineering estimate technology potential",
        "keywords": null,
        "url": "https://www.academia.edu/download/66541290/Approximation_of_Marginal_Abatement_Cost20210422-27438-8o2ciw.pdf"
    },
    {
        "title": "economic modelling sulphur regulation poland",
        "authors": "Olga Kiuila",
        "year": "2003/1/1",
        "abstract": "present assessment possible consequence reducing emission sulphur dioxide poland according international sulphur agreement computable general equilibrium used purpose calibrated 1995 provides result year 2010 suggest future emission reduction may positive effect polish economic indicator fear economic slump emitting sector sector may increase sulphur dioxide emission initially abate later rather decrease emission poor household may gain welfare positive",
        "keywords": null,
        "url": "https://www.inderscienceonline.com/doi/abs/10.1504/IJEP.2003.004310"
    },
    {
        "title": "economic dynamic modelling climate policy poland",
        "authors": "Olga Kiuila, Emilia Lewczuk",
        "year": "2021/8/20",
        "abstract": "poland responsible 9 co2 emission european union eu making fifth biggest emitter region energy sector dominated electricity produced coal around 70 country currently us massive subsidy boost coal sector propose dynamic intertemporal hybrid general equilibrium simulate economic effect sector regulation new policy target within environmental taxation scenario accounting complex set linkage energy sector component economy simulation result suggest positive economic growth possible realistic energy mix offer considerable emission reduction required european commission horizon best choice renewable energy source indicated less technology biomass horizon technology wind turbine better choice economic growth carbon tax play crucial role optimal energy mix target since elimination ceteris paribus implies negative economic growth",
        "keywords": null,
        "url": "https://sciendo.com/article/10.2478/ceej-2021-0018"
    }
]