[
    {
        "title": "unpleasant markup arithmetic production function elasticity estimation production",
        "authors": "Steve Bond, Arshia Hashemi, Greg Kaplan, Piotr Zoch",
        "year": "2021/7/1",
        "abstract": "ratio estimator markup ratio output elasticity flexible input input cost share total revenue highlight identification estimation issue pertaining ratio estimator output price observed revenue elasticity flexible input used place output elasticity profit maximization implies ratio estimator identically equal one thus uninformative markup concerning estimation output elasticity revenue profit maximization also implies output elasticity identified estimation revenue production function firm market power even separate output price quantity challenging estimate output elasticity consistently productivity dynamic firm face heterogeneous demand schedule unobserved",
        "keywords": null,
        "url": "https://www.sciencedirect.com/science/article/pii/S0304393221000544"
    },
    {
        "title": "markup labor market inequality nature work",
        "authors": "Greg Kaplan, Piotr Zoch",
        "year": "2020/3/2",
        "abstract": "demonstrate importance distinguishing traditional use labor production versus alternative us labor overhead marketing expansionary activity studying distribution factor income labor income use framework assess impact change markup overall labor share labor income inequality across occupation identify production expansionary content different occupation occupational income share change labor share find around u labor income compensates expansionary activity occupation larger expansionary content experienced fastest wage employment growth since framework rationalize countercyclical labor share presence sticky price used distributional effect demand shock monetary policy secular change competition",
        "keywords": null,
        "url": "https://www.nber.org/papers/w26800"
    },
    {
        "title": "financial intermediation aggregate demand sufficient statistic approach",
        "authors": "Yu-Ting Chiang, Piotr Zoch",
        "year": "2022",
        "abstract": "show financial sector asset supply elasticity sufficient statistic summarizing macroeconomic effect large class financial friction demonstrate usefulness quantitative macroeconomic context model household heterogeneity illiquidity crucial policy question ranging size fiscal multiplier effectiveness targeting financial sector household workhorse model imply different value elasticity generating output response policy differ order magnitude show construct empirical measure elasticity",
        "keywords": null,
        "url": "https://www.ecb.europa.eu/press/conferences/shared/pdf/20241007_monpolconf/Zoch_paper.pdf"
    },
    {
        "title": "macroprudential monetary policy rule collateral constraint",
        "authors": "Piotr Żoch",
        "year": "2020",
        "abstract": "compare welfare macroeconomic effect monetary policy macroprudential policy particular one targeting ltv ratio develop dynamic stochastic general equilibrium dsge collateral constraint two type agent seven potential policy rule responding credit growth fluctuation price collateral show monetary policy responding deviation collateral price value result highest level social welfare also useful stabilising output inflation macroprudential policy using ltv ratio instrument dominated term output inflation stability interest rate rule interest rate rule available ltv ratio used improve welfare gain small",
        "keywords": null,
        "url": "https://cejsh.icm.edu.pl/cejsh/element/bwmeta1.element.doi-10_33119_GN_120623"
    }
]