[
    {
        "title": "impact monetary policy business behavior light gu survey research selected issue",
        "authors": "Piotr Boguszewski, Andrzej Kocięcki",
        "year": "2000",
        "abstract": "mechanism monetary impulse transmission corporate sector presented traditional interest rate based islm paradigm modification assumes reduction money supply lead increase interest rate subsequently decrease investment important condition transmission monetary impulse include problem substitution concentration microeconomic determinant corporate credit indebtedness among others switching classic hamilton characterized",
        "keywords": null,
        "url": "http://bazekon.icm.edu.pl/bazekon/element/bwmeta1.element.ekon-element-000000111113"
    },
    {
        "title": "transformation sector large enterprise poland year impact monetary policy",
        "authors": "Piotr Boguszewski",
        "year": "2002",
        "abstract": "multicurrency significant balance sheet item many company undoubtedly implies significant role exchange rate channel unfortunately 1990s exchange rate regime changed undoubtedly lead significant modification adaptive behavior enterprise deeper channel also hindered fact polish public statistic compile individual company balance sheet term currency mentioned limitation primarily nature however necessary pay attention deeper obstacle significant seems fact since beginning transformation monetary policy affected enterprise deeply changing environment significant change within enterprise stabilized economy one talk example two type credit development credit survival related business poland also period optimism financing change initial phase transformation perhaps partially period strong growth seems therefore analyzed period poland significance individual channel monetary policy transmission mechanism changed difficult therefore speak single analytical scheme use research methodology assuming invariability certain dependency time question arises whether given mentioned difficulty still possible conduct systematic research monetary policy transmission mechanism",
        "keywords": null,
        "url": "https://www.bankandcredit.nbp.pl/content/2002/2002_11_12/bik_11_12_2002.pdf#page=86"
    },
    {
        "title": "low reliance credit among polish firm blessing disguise time financial crisis",
        "authors": "Piotr Boguszewski, Maria Lissowska",
        "year": "2012/8/31",
        "abstract": "article explores extraordinary resilience polish economy implication global financial crisis despite poland strong integration economy author hypothesize one key reason resilience low reliance credit among polish firm low use financial leverage validate hypothesis author use macroeconomic reflecting role credit company balance sheet survey carried annually representative sample company poland central statistical office gu country central bank national bank poland nbp research show many firm decide using credit possible interestingly author say company poor financial standing whose loan application turned follow policy generally polish company relatively well financially recent year author note limited use leverage result conscious choice rather necessity especially case company relatively good shape line pecking order theory company tend obtain financing source readily available steadily move source may difficult utilize mean company likely make use internal resource first financing result relative resistance polish firm periodic tightening bank lending policy consequently greater resilience financial crisis boguszewski lissowska say",
        "keywords": null,
        "url": "https://bibliotekanauki.pl/articles/575966.pdf"
    },
    {
        "title": "credit activity corporate sector poland pandemic",
        "authors": "Piotr Boguszewski i inni",
        "year": "2020",
        "abstract": null,
        "keywords": null,
        "url": "https://scholar.google.com/scholar?cluster=10049210353895029322&hl=en&oi=scholarr"
    },
    {
        "title": "availability financing enterprise poland",
        "authors": "Piotr Boguszewski, Dorota Mirowska, Karol Strzeliński",
        "year": "2016",
        "abstract": null,
        "keywords": null,
        "url": "https://scholar.google.com/scholar?cluster=12778276240901273701&hl=en&oi=scholarr"
    },
    {
        "title": "globalny raport konkurencyjności światowego forum gospodarczego",
        "authors": "Piotr Boguszewski, Departament Stabilności Finansowej",
        "year": "2016",
        "abstract": "year report prepared according methodology used previous year based eos survey directed member supervisory board management board company participating respondent asked situation country specific company 2016 survey conducted 138 country sample approximately respondent",
        "keywords": null,
        "url": "https://scholar.google.com/scholar?cluster=17696403512254473192&hl=en&oi=scholarr"
    },
    {
        "title": "financial situation innovation",
        "authors": "Piotr Boguszewski",
        "year": "1998",
        "abstract": "assessment relationship financial situation enterprise propensity innovation complex two opposing process encountered obvious certain financial situation may reason undertaking action aimed modernizing production process offered product however stage various situation related overall function enterprise goal possible",
        "keywords": null,
        "url": "https://scholar.google.com/scholar?cluster=9386097552760423007&hl=en&oi=scholarr"
    },
    {
        "title": "global competitiveness report world economic forum",
        "authors": "Piotr Boguszewski, Dorota Mirowska-Wierzbicka, Departament Stabilności Finansowej",
        "year": "2017",
        "abstract": "final assessment global competitiveness index gci weighted sum response individual question scheme appendix result hard assessment country mainly macroeconomic characteristic total 150 variable used procedure calculating average includes mechanism weighting result taking account last year result smooth assessment",
        "keywords": null,
        "url": "http://kb.ictbanking.net/assets/GCR2017-18.pdf"
    },
    {
        "title": "globalny raport konkurencyjności światowego forum gospodarczego",
        "authors": "Piotr Boguszewski, Departament Stabilności Finansowej",
        "year": "2014",
        "abstract": "w 14 3 12 7 17 6 11 6 16 3 17 6 11 0 12 6 11 2 13 8 w 0 9 1 7 2 4 3 1 1 6 2 2 5 9 2 8 4 9 2 9 w 15 2 8 5 11 2 20 2 7 0 16 2 11 8 12 6 20 3 13 7 w 6 3 0 8 8 0 7 0 8 5 9 6 9 6 11 2 18 2 9 1 w 15 0 9 1 6 3 1 2 3 2 9 0 7 2 1 1 5 bz 11 6 12 7 11 2 14 0 10 1 9 6 11 8 9 8 11 2 11 3 17 0 8 5 13 6 16 3 17 1 18 4 20 6 16 1 12 6 15 6 3 6 11 9 4 0 3 9 5 4 2 9 6 6 5 6 3 5 5 2 13 4 16 9 16 8 10 9 15 5 11 0 13 2 9 8 7 0 12 6 14 3 22 0 12 8 7 8 14 0 12 5 5 1 14 7 8 4 12 2 15 2 7 4 2 0 8 2 3 2 3 1 5 4 2 0 7 2 0",
        "keywords": null,
        "url": "https://scholar.google.com/scholar?cluster=7972155952434866706&hl=en&oi=scholarr"
    },
    {
        "title": "remark business survey national bank poland",
        "authors": "Piotr Boguszewski",
        "year": "2009/7",
        "abstract": "could taken granted information coming real sector economy essential integral part process monetary policy making central bank within simplified stylized approach monetary policy treating optimal control problem one say helpful identifying current position economy forecasting future movement system many potential source information traditional probably common solution problem rely hard financial particularly obtained corporate balance sheet costbenefits statement unfortunately practice turn point view central bank need usefulness potential source bit limited among others reason information central bank look meet specific criterion listed many case difficult especially developing economy",
        "keywords": null,
        "url": "https://www.academia.edu/download/30420032/treasury_1359.pdf#page=109"
    },
    {
        "title": "report empirical research impact foreign direct investment structural change enterprise",
        "authors": "Dorota Stuglik, Piotr Boguszewski, Anna Marzec, Tadeusz Smuga, Joanna Kotowicz-Jawor, Wanda Karpińska-Mizielińska",
        "year": "2001/5/25",
        "abstract": null,
        "keywords": null,
        "url": "https://bibliotekanauki.pl/articles/574086.pdf"
    },
    {
        "title": "selected element economic situation enterprise 1994",
        "authors": "Piotr Boguszewski, Katarzyna Puchalska, Małgorzata Markiewicz",
        "year": "1995",
        "abstract": "aim attempt present element economic situation enterprise significant perspective constructing assessing adequacy central bank monetary policy focus four thematic area main element process generating financial surplus enterprise price sold production efficiency indicator especially affecting potential creditworthiness credit money enterprise sector",
        "keywords": null,
        "url": "https://scholar.google.com/scholar?cluster=12216895761464130779&hl=en&oi=scholarr"
    },
    {
        "title": "selected determinant investment activity enterprise poland light entrepreneur survey research",
        "authors": "Piotr Boguszewski",
        "year": "2020",
        "abstract": null,
        "keywords": null,
        "url": "https://scholar.google.com/citations?view_op=view_citation&hl=pl&user=c_OKnLEAAAAJ&citation_for_view=c_OKnLEAAAAJ:Se3iqnhoufwC"
    },
    {
        "title": "rapid response instrument bankruptcy threat enterprise sector",
        "authors": "Piotr Boguszewski (pod redakcją) i inni",
        "year": "2014",
        "abstract": null,
        "keywords": null,
        "url": "https://scholar.google.com/citations?view_op=view_citation&hl=pl&user=c_OKnLEAAAAJ&citation_for_view=c_OKnLEAAAAJ:UebtZRa9Y70C"
    },
    {
        "title": "subjective element survey research enterprise household selected issue",
        "authors": "Piotr Boguszewski",
        "year": "2013",
        "abstract": "analyzed selected interaction enterprise sector household revealed survey institutional sector granger test conducted business cycle index sector result indicate influence business cycle assessment enterprise sector shaping opinion regarding economic situation household causal relationship opposite direction therefore business cycle indicator enterprise useful forecasting household economic opinion based survey enterprise conducted national bank poland part quick monitoring annual survey consistency response selected group question assessed using cronbach alpha coefficient result confirmed high level response coherence suggests especially case large company dominant importance factor formulating assessment based preliminary impact frequency change composition company management implemented financial leverage policy also conducted suggesting possibility relationship original abstract",
        "keywords": null,
        "url": "http://bazekon.icm.edu.pl/bazekon/element/bwmeta1.element.ekon-element-000171321835"
    },
    {
        "title": "benefit panel business cycle research",
        "authors": "Piotr Boguszewski, Katarzyna Puchalska",
        "year": "2012",
        "abstract": "starting 1995 following example central bank national bank poland conducting survey enterprise sector particular feature survey constant sample participating entity allows panel study examined two relatively rarely analyzed aspect survey impact new observation business climate indicator relationship qualitative assessment current situation enterprise financial result result obtained allow better understanding behavior qualitative indicator encourage issue",
        "keywords": null,
        "url": "https://bibliotekanauki.pl/articles/500060.pdf"
    },
    {
        "title": "advantage panel business cycle research",
        "authors": "Piotr Boguszewski, Katarzyna Puchalska",
        "year": "2012",
        "abstract": "following example central bank national bank poland conducting business survey since important characteristic survey sample consists regular participant allows panel raise two rarely analyzed aspect impact new observation business indicator performance relation qualitative assessment surveyed firm current business situation financial performance ratio result allow better understanding behavior survey challenge",
        "keywords": null,
        "url": "https://econjournals.sgh.waw.pl/PiM/article/download/3873/3439#page=144"
    },
    {
        "title": "challenge compiling polish debt security statistic",
        "authors": "Piotr Boguszewski, Jacek Kocerka, Marcin Sienicki",
        "year": "2008/3",
        "abstract": "start consideration asking fundamental question context debt security statistic important central bank especially national bank poland answer complex force u limit main aspect problem one reason statistical system imposes responsibility central bank must meet requirement statistical excellence important argument formal one interest subject second stream motif addressing problem central bank experience gained last decade show clearly debt security especially issued enterprise becoming increasingly important monetary transmission mechanism financial stability 5 among thing empirical evidence corporate bond spread lead real economic activity 6 situation debt security market also meaningful general condition credit market bond close substitute banking credit development debt security market also contributes financial market deepening multiple consequence transmission mechanism 7 noted owing wide variety channel debt security interfere monetary policy operation central bank interested collecting detailed information instrument practice result complexity standard debt security statistic central bank expected meet",
        "keywords": null,
        "url": "https://citeseerx.ist.psu.edu/document?repid=rep1&type=pdf&doi=64ece2ea704f4d07da5f5dc1e844b1904ebb7c2a#page=89"
    },
    {
        "title": "role survey central bank example national bank poland",
        "authors": "Piotr Boguszewski, Katarzyna Puchalska",
        "year": "2008",
        "abstract": "central bank operating condition uncertainty regarding state prospect economic development utilizes multiple source information one way obtain information economic climate pace economic development business sector survey present reason survey serve important supplementary verifying source relation public statistic national bank poland business sector survey conducted since history survey respondent cooperating nbp participated three form survey quarterly economic climate survey annual economic situation survey used occasionally event observed economic shock telephone poll",
        "keywords": null,
        "url": "https://cejsh.icm.edu.pl/cejsh/element/bwmeta1.element.cejsh-04850aad-2d19-45a7-a218-c1ba247bc356/c/80-P.Boguszewska_K.Puchalska.pdf"
    },
    {
        "title": "foreign direct investment structural change enterprise",
        "authors": "Piotr Boguszewski",
        "year": "2001",
        "abstract": "primary strategy company foreign capital participation market expansion achieved maximizing turnover strategy pursued cost somewhat neglecting postponing development activity maintaining level production often way avoid certain adjustment cost due involvement foreign capital foreign currency credit used significantly often domestic enterprise common provider foreign currency credit foreign institution particularly due lower interest rate afraid foreign exchange risk also exporter pricing strategy company primarily based imitation price domestic product lower foreign one primary appearance foreign investor unlocking financial supply process thus possibility intensifying investment development activity",
        "keywords": null,
        "url": "https://scholar.google.com/scholar?cluster=13700863020974621640&hl=en&oi=scholarr"
    }
]