[
    {
        "title": "shadow employment informal employment matter choice choice poland",
        "authors": "Stanislaw Cichocki, Joanna Tyrowicz",
        "year": "2010/8/31",
        "abstract": "according dualistic view shadow employment may follow two main labour market failure official market labour taxation distortion make ineffective agent engage registered employment due tax wedge ii worker regular employment may unattainable high access cost demand constraint result seeking earning opportunity beyond boundary official labour market whereas first case revenue unofficial employment higher corresponding official one tax evasion hypothesis alternative explanation labour market tightness seems underlying reason market segmentation hypothesis use unique set survey undeclared employment poland using propensity score matching decomposition technique demonstrate worker shadow economy",
        "keywords": null,
        "url": "https://www.sciencedirect.com/science/article/pii/S1053535710000417"
    },
    {
        "title": "method measuring grey economy",
        "authors": "Stanisław Cichocki",
        "year": "2006",
        "abstract": "several decade economist interested phenomenon grey area lack official regarding size significant negative consequence economic policy lack knowledge size cause existence factor conducive development grey area also prevents effective reduction even elimination aforementioned phenomenon official authority academic researcher therefore trying create definition grey area measure purpose present definition grey area method measurement discus measurement size grey area poland",
        "keywords": null,
        "url": "https://cejsh.icm.edu.pl/cejsh/element/bwmeta1.element.doi-10_33119_GN_101449"
    },
    {
        "title": "innovative potential economy condition determinant perspective",
        "authors": "Beata Bierut, Paulina Broniatowska, Stanisław Cichocki, Michał Gradzewicz, Marcin Grela, Jakub Growiec, Jan Hagemejer, Anna Kosior, Jacek Lewkowicz, Tomasz Michałek, Wojciech Mroczek, Jakub Mućk, Marek Niechciał, Tomasz Piasecki, Piotr Popowski, Katarzyna Puchalska, Magdalena Rola-Janicka, Michał Rubaszek, Agnieszka Stążka-Gawrysiak, Wawrzyniec Suleja, Rafał Ślubowski, Grzegorz Tchorek, Marcin Tomkiewicz, Izabela D Tymoczko, Kamil Wierus",
        "year": "2016",
        "abstract": null,
        "keywords": null,
        "url": "https://scholar.google.com/scholar?cluster=6807811764649028650&hl=en&oi=scholarr"
    },
    {
        "title": "formal informal institution understanding shadow economy transition country",
        "authors": "Klarita Gërxhani, Stanisław Cichocki",
        "year": "2023/10",
        "abstract": "review work test 1 formal informal institution especially interaction affect participation shadow economy transition country 2 participating shadow economy affect individual key finding clash individual perception formal institution informal institution increase involvement shadow economy conversely trustworthy relationship government individual make people inclined comply importance social institutional context also appears individual involvement shadow economy relates finding complement insight rich literature tax morale exchange public institution citizen culture institution generally finding also contribute institutional",
        "keywords": null,
        "url": "https://www.cambridge.org/core/journals/journal-of-institutional-economics/article/formal-and-informal-institutions-understanding-the-shadow-economy-in-transition-countries/1158F00FDA22DFA3F73532D06984F1F4"
    },
    {
        "title": "determinant unregistered employment poland period high low economic condition",
        "authors": "Stanisław Cichocki, Joanna Tyrowicz",
        "year": "2011",
        "abstract": null,
        "keywords": null,
        "url": "https://scholar.google.com/citations?view_op=view_citation&hl=pl&user=XSzsEtwAAAAJ&citation_for_view=XSzsEtwAAAAJ:UebtZRa9Y70C"
    },
    {
        "title": "economic factor crime econometric",
        "authors": "Piotr Bieniek, Stanisław Cichocki, Maria Szczepaniec",
        "year": "2012",
        "abstract": "attempt investigate relationship economic factor crime indicator using econometric sociological determinant ie number divorce number pupil secondary school also included investigates influence variable crime indicator level powiats includes type crime without differentiating",
        "keywords": null,
        "url": "http://czasopisma.uksw.edu.pl/index.php/zp/article/view/893"
    },
    {
        "title": "employed unemployed shadow employment transition",
        "authors": "Joanna Tyrowicz, Stanisław Cichocki",
        "year": "2011/5/1",
        "abstract": "unregistered employment pose two type challenge researcher 1 reliably evaluating wage differential formally informally employed 2 accounting push pull factor general effect business cycle particular address former use propensity score matching analyse evolution estimated average compensation differential reference gdp unemployment fluctuation using 13 year quarterly labour force survey poland de iure unemployed de facto employed individual find compensation tend higher procyclical also find considerable distributional heterogeneity",
        "keywords": null,
        "url": "https://link.springer.com/article/10.1007/s10663-010-9135-2"
    },
    {
        "title": "shadow economy relation tax system state budget poland",
        "authors": "Stanisław Cichocki",
        "year": "2008",
        "abstract": "result research measurement shadow economy poland period 1995 2007 presented research motivated controversial existing estimate first definition shadow economy reviewed basis monetary method econometric currency demand built using estimation result size shadow economy assessed according estimate shadow economy declined period 1995 2007 starting 40 gdp 1995 reaching 10 gdp also analysis relation shadow economy state budget tax system measure relation discussed vector autoregressive estimated impulse reaction function drawn showing increase indirect tax burden enlarges shadow economy contrary arises due increase direct tax burden b budget balance",
        "keywords": null,
        "url": "https://ideas.repec.org/p/war/wpaper/2008-05.html"
    },
    {
        "title": "survey labor market",
        "authors": "S Cichocki, K Saczuk, P Strzelecki, R Wyszyński, J Tyrowicz",
        "year": "2013",
        "abstract": null,
        "keywords": null,
        "url": "https://scholar.google.com/scholar?cluster=2795134691522185100&hl=en&oi=scholarr"
    },
    {
        "title": "source unregistered employment poland",
        "authors": "Stanisław Cichocki, Joanna Tyrowicz",
        "year": "2010",
        "abstract": "two main reason undertaking unregistered employment mean working someone without paying due contribution tax distinguished firstly high tax wedge make official employment unprofitable individual minimum required wage higher net employment income case real reason unregistered employment would desire avoid taxation secondly labor market rigidity may cause registered employment simply unattainable worker least temporarily would lead seeking earning opportunity outside boundary official labor market distinction useful allows formulation empirically verifiable hypothesis source unregistered employment case first motivation one would expect earnings people gray area higher similar people formally employed second motivation hand would suggest opposite relationship indeed lower earnings people remaining outside official labor market article use unique database derived unregistered work employing decomposition technique propensity score matching method show working gray area lower earnings formally employed individual ceteris paribus",
        "keywords": null,
        "url": "http://www.bankandcredit.nbp.pl/content/2010/01/bik_01_2010_04_art.pdf"
    },
    {
        "title": "kwartalny raport rynku kw 2011r",
        "authors": "S Cichocki, P Strzelecki, J Tyrowicz, R Wyszyński",
        "year": "2011",
        "abstract": null,
        "keywords": null,
        "url": "https://scholar.google.com/scholar?cluster=8097067994280097070&hl=en&oi=scholarr"
    },
    {
        "title": "business cycle evidence poland",
        "authors": "Stanislaw Cichocki",
        "year": null,
        "abstract": null,
        "keywords": null,
        "url": "https://scholar.google.com/citations?view_op=view_citation&hl=pl&user=XSzsEtwAAAAJ&citation_for_view=XSzsEtwAAAAJ:9yKSN-GCB0IC"
    },
    {
        "title": "envelope wage new normal insight pool prospective worker european union eu",
        "authors": "Josip Franic, Stanislaw Cichocki",
        "year": "2021/7/5",
        "abstract": "purpose spite million worker european union eu still limited understanding motivates worker participate detrimental employment scheme certain group worker exhibit higher inclination towards article take novel approach putting prospective envelope wage earner centre 2019 special eurobarometer undeclared work used random intercept cumulative logit modelling applied finding one seven fully declared eu worker would nothing receiving one part wage manual worker individual whose job assumes travelling willing accept kind remuneration applies worker low tax morale perceive risk detected persecuted",
        "keywords": null,
        "url": "https://www.emerald.com/insight/content/doi/10.1108/ER-02-2021-0073/full/html"
    },
    {
        "title": "badanie ankietowe rynku 2011",
        "authors": "Joanna Tyrowicz, S Cichocki, P Strzelecki, R Wyszyński",
        "year": "2011",
        "abstract": null,
        "keywords": null,
        "url": "https://scholar.google.com/scholar?cluster=3641038755914124767&hl=en&oi=scholarr"
    },
    {
        "title": "cyclical trend labor reallocation poland transition structural change",
        "authors": "Stanislaw Cichocki, Joanna Tyrowicz, Lucas van der Velde",
        "year": "2017/11/2",
        "abstract": "two main feature reallocation process took place eastern european former soviet union country distinguished first feature decline public sector employment result collapse enterprise linked increase private sector employment new private firm emerged old public company privatized second feature still reallocation labor manufacturing service sector polish labor force survey period used construct measure worker flow gross net cyclical property used way test prediction structural change transition theory found labor market adjustment tend amplify upturn business cycle worker flow contribute fraction changing structure employment policy",
        "keywords": null,
        "url": "https://www.tandfonline.com/doi/abs/10.1080/00128775.2017.1381027"
    },
    {
        "title": "survey labor market report 2012",
        "authors": "S Cichocki, K Saczuk, P Strzelecki, R Wyszyński, J Tyrowicz",
        "year": "2013",
        "abstract": null,
        "keywords": null,
        "url": "https://scholar.google.com/scholar?cluster=8943117889885001112&hl=en&oi=scholarr"
    },
    {
        "title": "grey economy poland country transition preliminary finding",
        "authors": "F Schneider, I Marcinkowska, S Cichocki",
        "year": "2007",
        "abstract": null,
        "keywords": null,
        "url": "https://scholar.google.com/scholar?cluster=4624175813348611956&hl=en&oi=scholarr"
    },
    {
        "title": "evolution laffer curve tool analyzing tax avoidance simple theoretical model dsge model",
        "authors": "Stanisław Cichocki, Ryszard Kokoszczyński",
        "year": "2016",
        "abstract": "40 year laffer curve concept used process tax avoidance albeit different way varying effect article present based critical review literature main trend consideration regarding laffer curve starting historically oldest theoretical model empirical study direct empirical estimate aforementioned curve currently frequently used general equilibrium model especially endogenous growth model indicates based discussion advantage disadvantage approach varying usefulness tax avoidance research concluded currently endogenous growth model especially dsge model constitute appropriate approach analysis tax avoidance using laffer curve",
        "keywords": null,
        "url": "https://ceej.wne.uw.edu.pl/wp-content/uploads/2023/07/2016_45_KokoszczynskiCichocki.pdf"
    },
    {
        "title": "size grey area poland dependence tax policy state budget situation year",
        "authors": "Stanisław Cichocki",
        "year": "2007",
        "abstract": "issue grey area lie intersection law economics economic legal problem economic aspect grey area include example size effect budget revenue etc legal aspect phenomenon include example legal regulation encourage discourage activity grey area therefore problem grey area seems interest economist lawyer economist dealing phenomenon grey area several decade insufficient knowledge significant negative consequence economic policy lack knowledge size reason existence factor conducive development grey area also prevents effective reduction even elimination aforementioned phenomenon official authority academic researcher therefore trying create definition grey area measure identify cause first study grey area began 1950s however directly address phenomenon use term grey area connection economic quantity pointed tax avoidance significant factor affecting economy economist believed tax avoidance directly related existence second economic circuit included example domestic help tip etc",
        "keywords": null,
        "url": "http://www.pseap.org/wp-content/uploads/2012/11/pseap_seminarium7.pdf"
    },
    {
        "title": "people trust understand role language trust financial inclusion",
        "authors": "Aleksandra Nagańska, Stanisław Cichocki",
        "year": "2022",
        "abstract": "aim look determinant financial inclusion lens comprehension financial concept financial language specifically interested factor important comprehension absent show context finance communication important transmission channel individual encouraged discouraged participate financial system argue unfamiliarity product complexity language used banking sector tend limit trust granted financial institution test hypothesis linguistic diversity strong instrument impact lack communication trust applying ordinary least square probit regression quantile regression instrumental variable cross country show importance individual cultural characteristic demonstrate role trust communication financial inclusion outcome consistent different specification",
        "keywords": null,
        "url": "https://sciendo.com/article/10.2478/ceej-2022-0009"
    }
]