[
    {
        "title": "quantitative method r economic financial application",
        "authors": "Katarzyna Kopczewska, Tomasz Kopczewski, Piotr Wójcik",
        "year": "2009",
        "abstract": null,
        "keywords": null,
        "url": "https://scholar.google.com/scholar?cluster=7844225602861626689&hl=en&oi=scholarr"
    },
    {
        "title": "technological cost efficiency commercial bank poland year part ii",
        "authors": "Tomasz Kopczewski, Malgorzata Pawlowska",
        "year": "2001",
        "abstract": null,
        "keywords": null,
        "url": "https://scholar.google.com/scholar?cluster=12059421031255133472&hl=en&oi=scholarr"
    },
    {
        "title": "bundling unbundling integrated simulation optimal pricing strategy",
        "authors": "Tomasz Kopczewski, Maciej Sobolewski, Ireneusz Miernik",
        "year": "2018/10/1",
        "abstract": "bundling practice selling good together package extant research recognised role three element affecting profitability bundling strategy heterogeneity consumer reservation price dependence structure ii complementarity demand iii economy scale scope production major element well defined never integrated one present integrated simulation show three element affect profitability different pricing strategy pure component pure bundling mixed bundling approach used recognises complex relationship directly inferred purely analytical approach analytical scheme flexibly adjusts different real market condition adopt copula function simulation framework propose general form cost",
        "keywords": null,
        "url": "https://www.sciencedirect.com/science/article/pii/S0925527318303359"
    },
    {
        "title": "experimental economics recent research",
        "authors": "Tomasz Kopczewski, Marcin Malawski",
        "year": "2007",
        "abstract": "relatively new little known poland field economic experimental economics briefly sketch history main research area describe important finding laboratory experiment significance mainstream economics also present sample experiment conducted experimental economics seminar warsaw",
        "keywords": null,
        "url": "https://scholar.google.com/scholar?cluster=17262554596447546244&hl=en&oi=scholarr"
    },
    {
        "title": "estimating demand telecommunication bundle",
        "authors": "Maciej Sobolewski, Tomasz Kopczewski",
        "year": "2017/5/1",
        "abstract": "stated preference discrete choice experiment applied subscription choice standardized package telecommunication service sample individual poland provide wtp estimate telephony broadband pay tv offered service dual bundle main goal investigate substitutability complementarity various component service based estimated valuation considerable preference heterogeneity towards service identified explained service profile usage intensity broadband highest valued among service broadband pay tv super additive valuation indicating complementarity obtain evidence fixed mobile substitution voice driven unlimited mobile voice plan plan",
        "keywords": null,
        "url": "https://www.sciencedirect.com/science/article/pii/S0308596117300435"
    },
    {
        "title": "cognitive bias iran stock exchange unsupervised learning approach examining feature bundle investor portfolio",
        "authors": "Adele Ossareh, Mohammad Saeed Pourjafar, Tomasz Kopczewski",
        "year": "2021/11/18",
        "abstract": "featured application better stock market investment strategy understanding financial crisis term cognitive bias investor teaching stock market investor cognitive error abstract innovatively analysis joint occurrence cognitive bias group stock exchange investor considers jointly number common fallacy confirmation bias loss aversion gambler fallacy availability cascade fallacy bandwagon hitherto studied separately aim highlight diverse range investor profile characterised fallacy considerable difference observed based age stock market experience perception market trend based hierarchical clustering feature importance principal component applied tehran stock exchange essential finding contribute existing literature firstly result show gender role play diversifying investor profile secondly cognitive bias bundled distinguish four investor profile thus analysed jointly separately thirdly exposure cognitive bias differs significantly due individual feature investor group vulnerable almost analysed bias inexperienced investor pessimistic market development invested large amount fourthly age investor essential connection",
        "keywords": null,
        "url": "https://www.mdpi.com/2076-3417/11/22/10916"
    },
    {
        "title": "software creating online economic experiment",
        "authors": "Paweł Kowal, Tomasz Kopczewski, Robert Borowski",
        "year": "2008",
        "abstract": "problem conducting research experiment economics potential computer program area described subsequent discussion issue software efficiency range available program creating experiment became starting point describing tool developed author article labsee",
        "keywords": null,
        "url": "https://scholar.google.com/scholar?cluster=989897194064995691&hl=en&oi=scholarr"
    },
    {
        "title": "rationality behavior commercial bank poland year",
        "authors": "T Kopczewski",
        "year": "1999",
        "abstract": null,
        "keywords": null,
        "url": "https://scholar.google.com/scholar?cluster=17098936204446198337&hl=en&oi=scholarr"
    },
    {
        "title": "economics study reduce social capital experimental approach",
        "authors": "Tomasz Kopczewski",
        "year": "2003",
        "abstract": "foundation article lie observation made conducting class experimental economics pedagogical reflection also attempt apply method economic relation wne uw student unfortunately conclusion observation optimistic way class conducted faculty topic presented certain condition cause wne uw student upon graduation increase knowledge base predisposition collective action significantly weakened study reinforce poorly understood individualism calculative way thinking consideration embedded methodology social research experimental economics first part focus issue social capital method measurement use experimental method obtaining synthetic measure second part discus result classroom experiment prepared student microeconomics iii course course result work treated empirical material base conclusion change social capital however result provide good basis identifying factor may influence reduction social capital study wne",
        "keywords": null,
        "url": "http://lee.wne.uw.edu.pl/strona/media/publikacje_naukowe/Czy_studia_ekonomiczne_obnizaja_kapital_spoleczny.pdf"
    },
    {
        "title": "homo economicus altruist classroom experimental method",
        "authors": "Tomasz Kopczewski, Iana Okhrimenko",
        "year": "2019/9/1",
        "abstract": "rational economic man homo oeconomicus central concept economics profoundly presented basic economics class thus student misinterpret concept homo oeconomicus presumed rational utterly selfish altruistic behaviour treated deviation incorporating altruistic motif model rational human behaviour relatively new trend academic economic literature undergraduate teaching program still tend neglect issue related ethic moral reasoning social interaction present tool discussing rationality altruistic behaviour undergraduate student relevant specialization author know thyself method presented incorporates classroom experiment utilizes original giving according garp experimental methodology order",
        "keywords": null,
        "url": "https://www.sciencedirect.com/science/article/pii/S1477388018301051"
    },
    {
        "title": "basic form effect corporate governance banking part ii",
        "authors": "Wojciech Rogowski, Małgorzata Pawłowska, Tomasz Kopczewski",
        "year": "2003",
        "abstract": "article present result research conducted corporate governance banking aim determine concentration ownership structure corporate governance bank poland bank selected oecd eu country attempt made answer question whether form ownership currently observed polish bank comparable structure banking system",
        "keywords": null,
        "url": "http://bazekon.icm.edu.pl/bazekon/element/bwmeta1.element.ekon-element-000000117163"
    },
    {
        "title": "online economic experiment teaching social research",
        "authors": "Tomasz Kopczewski",
        "year": "2008",
        "abstract": "lesson objective value stream mapping vsm vsm selecting product family mapping current state vsm developing ideal future state vsm",
        "keywords": null,
        "url": "http://e-edukacja.fundacja.edu.pl/szosta/e-edukacja_6.pdf#page=65"
    },
    {
        "title": "soft budget constraint polish manufacturing evidence panel",
        "authors": "Tomasz Kopczewski, Wojciech Rogowski, Jacek Socha",
        "year": "2003",
        "abstract": "author examined soft budget constrain sbc theory using polish manufacturing panel research panel 10 000 enterprise covering period used author validated hypothesis existence sbc poland turned sbc polish manufacturing decreasing subsequent period thus time trend strongest influence dependent variable size enterprise form ownership proved main economic explanatory variable moreover herfindhall index outstanding debt ratio also statistically significant result showed importance increasing competitive pressure continuing privatization deregulation reform polish economy",
        "keywords": null,
        "url": "https://nbp.pl/wp-content/uploads/2023/01/socha_rogowski_kopczewski.pdf"
    },
    {
        "title": "relacje między pracodawcą gift exchange game",
        "authors": "Tomasz Kopczewski, Jacek Lewkowicz",
        "year": "2018",
        "abstract": "teaching economics relationship employee employer labor market often limited simple model allocation production factor conditional unconditional demand labor supply demand model varian 2002 model difficult even speak realistic representation relationship employee employer usually simple equilibrium model process adjusting market condition occurs automatically result utility profit maximization occasionally efficiency wage model presented inclusion behavioral aspect result departure simple equilibrium model shapiro stiglitz 1984 conclusion drawn abstract model far simple narrative accompanying discussion labor market",
        "keywords": null,
        "url": "https://cejsh.icm.edu.pl/cejsh/element/bwmeta1.element.desklight-303ff91c-998a-496f-b176-5329bb286ee7"
    },
    {
        "title": "use tool teaching advanced microeconomics",
        "authors": "Tomasz Kopczewski",
        "year": "2012",
        "abstract": "article present author experience introducing experimental computational simulation method advanced microeconomics course using computer tool describes educational possibility program maximum netlogo labsee original abstract",
        "keywords": null,
        "url": "http://bazekon.icm.edu.pl/bazekon/element/bwmeta1.element.ekon-element-000171212573"
    },
    {
        "title": "impact company size shaping process regarding spatial location enterprise",
        "authors": "Tomasz Kopczewski, Maciej Pogorzelski, Przemysław Kusztelak",
        "year": "2009",
        "abstract": "model horizontal product differentiation assumed consumer decide purchase good mean full market saturation assumption author work influence overthrowing unreal theory balance one two dimension model location order verify balance experiment carried choice participant regarding location company according level market saturation experiment confirmed influence size company location demonstrated occurrence negative relationship among size company distance balanced state large firm chose central location principal minimum product differentiation small enterprise creating separate monopolistic market principal enough product differentiation decision made large small enterprise small correct theoretical expectation medium enterprise located closer theory assumed reason desire located central point market order gain quantity leader position took place cost lost part profit original abstract",
        "keywords": null,
        "url": "http://bazekon.icm.edu.pl/bazekon/element/bwmeta1.element.ekon-element-000171365541"
    },
    {
        "title": "natural spatial mutual distance city follow benford law",
        "authors": "Katarzyna Kopczewska, Tomasz Kopczewski",
        "year": "2022/10/20",
        "abstract": "benford law state first digit number natural dataset appear defined frequency pioneering use benford distribution analyse city population majority country use distance three dimension 1d population value 2d city based location 3d city location population jointly reflects separation mass urban location get four main finding firstly empirically show mutual 3d distance city population country conform benford law thus urban natural spatial distribution secondly show empirically population city within country follows composition gamma distribution 1d distance population also conforms benford law thirdly pioneer replicating spatial natural discover simulation mixture three pure clustered ordered random proportion make 2d spatial distribution complex 3d pattern built upon 2d spatial benford distribution gamma distribution city size finding enables generating 2d 3d benford distribution may replicate well urban settlement fourth use historical settlement claim city inhabitant worldwide followed evolutionary process resulting natural spatial distribution justify statistical finding result novel develops",
        "keywords": null,
        "url": "https://journals.plos.org/plosone/article?id=10.1371/journal.pone.0276450"
    },
    {
        "title": "playing benford law",
        "authors": "Tomasz Kopczewski, Iana Okhrimenko",
        "year": "2019",
        "abstract": "benford law bl defined collection empirical evidence related frequency distribution leading digit numerical set version law state set representing collection natural probability seeing particular digit first position inversely related rank example 1 appears first digit 30 case 9 appears less 5 case version bl define frequency distribution second digit third digit combination history discovery law make even mysterious initially explored newcomb newcomb nuw 1881 law forgotten 50 year benford 1938 rediscovered used explain behavior numerous set different domain science bl treated one exciting representation power law used natural science empirical research economics gabaix 2016",
        "keywords": null,
        "url": "https://cejsh.icm.edu.pl/cejsh/element/bwmeta1.element.desklight-73342d66-f5b1-45de-91d2-88dcaaab4f6e"
    },
    {
        "title": "bundling unbundling profit gain bundling",
        "authors": "MACIEJ SOBOLEWSKI, IRENEUSZ MIERNIK, TOMASZ KOPCZEWSKI",
        "year": "2017",
        "abstract": "far bundling literature mainly focused condition marginal profit dominance however classical perspective little practical applicability tell condition pure mixed bundling expected strictly outperform separate sale good much therefore shift different perspective look magnitude profit gain bundling propose specific demand setting governed single parameter joint density function reservation price two good two convenient property marginal distribution uniform yielding linear market demand bundle component ii correlation coefficient reservation price carried whole possible range marginal cost degree correlated valuation bundle component show case bundling brings small gain improvement profit gain magnitude exceeds 10 low marginal cost sufficient negative correlation valuation hence result conform practical observation bundling applicable mainly low marginal cost industry like information good ict service",
        "keywords": null,
        "url": "http://coin.wne.uw.edu.pl/msobolewski/papers/Bundling_correlated_bell.pdf"
    },
    {
        "title": "use labsee program creating online economic experiment",
        "authors": "Robert Borowski, Tomasz Kopczewski",
        "year": "2015/9/30",
        "abstract": "october 2015 39 part transfer common budget leave oneself transferred income multiplied 3 income left oneself change value player profit sum income left oneself income transferred common budget divided among player round student notice profitable transfer income common budget nash equilibrium keep oneself lecture result experiment problem free riding economics discussed mentioned one frequently conducted economic experiment lecturer opportunity compare result obtained class result laboratory experiment analyzes whether deviation expected result also show one manipulate",
        "keywords": null,
        "url": "https://www.ceeol.com/search/article-detail?id=343326"
    }
]