[
    {
        "title": "control corruption international investment economic panel",
        "authors": "Andrzej Cieślik, Łukasz Goczek",
        "year": "2018/3/1",
        "abstract": "effect corruption using open economy version endogenous growth international capital mobility particular predicts corruption negatively affect stock international investment host country addition predicts growth impaired uncertainty caused corruption bribe unlike tax involve unpredictable distortion discretionary uncertain use government power result additional cost business alongside resource allocated unproductive activity impose extra burden economy test empirically prediction theory using sample 142 country period gmm method using indicator control corruption world bank lack corruption found positive statistically significant growth",
        "keywords": null,
        "url": "https://www.sciencedirect.com/science/article/pii/S0305750X15312705"
    },
    {
        "title": "international economics theory policy",
        "authors": "Paul Robin Krugman, Maurice Obstfeld, Jan Jakub Michałek, Włodzimierz Siwiński, Paweł Gierałtowski, Barbara Bobrowicz, Łukasz Goczek, Gabriela Grotkowska, Dagmara Mycielska, Joanna Tyrowicz",
        "year": "2015",
        "abstract": null,
        "keywords": null,
        "url": "https://scholar.google.com/scholar?cluster=15296155647042557744&hl=en&oi=scholarr"
    },
    {
        "title": "kryzys finansowy przyczyny skutki interpretacje",
        "authors": "John B Taylor, Ĺ ukasz Goczek, Leszek Balcerowicz",
        "year": "2012",
        "abstract": null,
        "keywords": null,
        "url": "https://scholar.google.com/scholar?cluster=5563195897162119561&hl=en&oi=scholarr"
    },
    {
        "title": "education quality affect economic growth",
        "authors": "Łukasz Goczek, Ewa Witkowska, Bartosz Witkowski",
        "year": "2021/6/5",
        "abstract": "seminal article hanushek woessmann explained economic growth function quality education find evidence importance year schooling argued relevance cognitive skill basic literacy ratio economic growth however result based limited 23 observation extended modified approach based result pisa programme international student assessment test explain gdp change last 50 year using panel considered possible lag characterizes relationship used statistical method address risk reversed causality economic performance affecting quality education extended inclusion potential growth factor result also included several robustness check confirmed relevance earlier education quality significant growth factor result suggest significance educational skill gdp growth might treated confirmation importance quality primary secondary education economic development showed result robust change order lag confirmed validity conclusion use bayesian averaging",
        "keywords": null,
        "url": "https://www.mdpi.com/2071-1050/13/11/6437"
    },
    {
        "title": "drive bitcoin price factor augmented error correction mechanism investigation",
        "authors": "Łukasz Goczek, Ivan Skliarov",
        "year": "2019/12/20",
        "abstract": "article aim determine drive price bitcoin achieve aim large set analysed using vec model augmented factor representing unobservable economic force obtained mean principal component method enables u contribute existing literature bitcoin two way first employ dimension reduction technique combine variable several paper second estimate several unobservable economic concept instead utilizing proxy variable usually done find main factor driving bitcoin price popularity hence result confirms previous finding reinforces providing better definition popularity finally conclude bitcoin price affected supply demand factor way natural conventional currency",
        "keywords": null,
        "url": "https://www.tandfonline.com/doi/abs/10.1080/00036846.2019.1619021"
    },
    {
        "title": "econometric method economic growth model",
        "authors": "Łukasz Goczek",
        "year": "2012/10/31",
        "abstract": "aim article review evaluate various econometric method used empirical model economic growth crucial economic significance study strength conclusion drawn economic policy adopted method theoretical discussion dedicated individual empirical model illustrated author estimate discussed model econometric demonstrated preferred method estimating dynamic growth model panel generalized method moment applied simultaneously level first difference small sample error correction article also indicates application estimation conducted using kiviet estimator pmg estimator may appropriate",
        "keywords": null,
        "url": "https://bibliotekanauki.pl/articles/575542.pdf"
    },
    {
        "title": "determinant card payment",
        "authors": "Łukasz Goczek, Bartosz Witkowski",
        "year": "2016/4/2",
        "abstract": "although development card payment system allows lowering cost money circulation thereby lead significant economic gain relatively small amount research dedicated determinant development therefore aim article seek determinant retail card payment focusing trust system article concentrate two econometric model one constructed use representative population survey poland based panel eu country year",
        "keywords": null,
        "url": "https://www.tandfonline.com/doi/abs/10.1080/00036846.2015.1102846"
    },
    {
        "title": "corruption privatisation economic growth country",
        "authors": "Andrzej Cieślik, Łukasz Goczek",
        "year": "2018/9/14",
        "abstract": "article empirically investigates effect corruption privatisation economic growth country central eastern europe former ussr use corruption privatisation augmented endogenous growth derive research hypothesis setting corruption privatisation external openness jointly determine per caput income follower economy predicts economy higher share private ownership lower corruption higher external openness enjoy higher rate growth empirical verification prediction based panel 29 country period estimation result confirm negative effect corruption positive effect privatisation limited privatisation",
        "keywords": null,
        "url": "https://www.tandfonline.com/doi/abs/10.1080/09668136.2018.1511771"
    },
    {
        "title": "determinant payment",
        "authors": "Lucas Goczek, Bartosz Witkowski",
        "year": "2015/2/9",
        "abstract": "development card payment system allows lowering cost money emission circulation thereby lead significant economic gain yet relatively small amount research dedicated determinant development therefore aim article seek determinant retail card payment focus put two econometric model one constructed using survey poland second based panel eu country year based result second forecast number card value card transaction per person compiled",
        "keywords": null,
        "url": "https://papers.ssrn.com/sol3/papers.cfm?abstract_id=2648824"
    },
    {
        "title": "ready euro empirical actual autonomy polish monetary policy",
        "authors": "Łukasz Goczek, Dagmara Mycielska",
        "year": "2014",
        "abstract": "aim article analyze actual freedom conducting monetary policy poland assumed primary cost participating common currency area loss freedom shaping monetary policy however question arises real possibility conducting policy case small open economy operating situation liberalized capital flow highly integrated money market assumed already due degree poland integration euro area polish monetary policy linked policy european central bank confirming hypothesis great importance analyzing cost poland accession economic monetary union thesis article verified using vector error correction appropriate parametric hypothesis",
        "keywords": null,
        "url": "http://bankandcredit.nbp.pl/content/2014/03/bik_03_2014_03_art.pdf"
    },
    {
        "title": "actual monetary policy independence small open economy polish perspective",
        "authors": "Łukasz Goczek, Dagmara Mycielska",
        "year": "2019/2/15",
        "abstract": "aim article examine actual degree monetary policy independence small open economy floating exchange rate integrated world economy frequently argued country primary cost participation currency area loss monetary policy independence article raise question proposition monetary independence provided floating exchange rate applies small open economy operating within highly liberalised capital flow highly integrated financial market examine actual degree monetary policy independence poland using vector error correction mechanism year obtain evidence pointing lack independence show result robust extensive change specification including impulse saturation",
        "keywords": null,
        "url": "https://link.springer.com/article/10.1007/s00181-017-1370-y"
    },
    {
        "title": "evolution corruption pattern country",
        "authors": "Andrzej Cieślik, Łukasz Goczek",
        "year": "2015/3/31",
        "abstract": "evolution corruption pattern 27 country period using control corruption index corruption category markov transition probability matrix method allows u generate distribution corruption among country empirical finding suggest corruption country persistent phenomenon change much time several theoretical explanation result provided",
        "keywords": null,
        "url": "https://server546071.nazwa.pl/eq/article/view/228"
    },
    {
        "title": "cause corruption effectiveness strategy",
        "authors": "Łukasz Goczek",
        "year": "2007/4/30",
        "abstract": "corruption one controversial topic public debate yet mechanism also one least understood main myth debate belief best method combat corruption measure campaign agency commission brochure appealing conscience multiplying law special power code belief lead fact combating corruption often involves spectacular fight symptom rather real usually economic cause although economic literature corruption developing dynamically allows basic understanding mechanism serf starting point discussion effectively combating phenomenon despite growing prevalence program literature evaluating effectiveness reform limited exists mostly descriptive synthesis rare detailed analysis especially empirical one practically exist subject article review empirical research cause corruption effectiveness measure aim answer question strategy ineffective first part describes action aimed counteracting corruption second part present cause corruption identified empirical literature third discusses mismatch measure real cause well reason state affair",
        "keywords": null,
        "url": "https://bibliotekanauki.pl/articles/574528.pdf"
    },
    {
        "title": "small independent influence ecb monetary policy interest rate eea country",
        "authors": "Łukasz Goczek, Karol J Partyka",
        "year": "2019/5/1",
        "abstract": "monetary policy independence regarded central argument favour floating exchange rate monetary integration evaluate actual independence member european economic area using heterogeneous panel cointegration method allow show domestic interest rate follow euro interest rate spillover imply low monetary independence despite insulation given floating exchange rate regime framework therefore find significant spillover effect european central bank policy argue cost monetary integration europe may lower expected",
        "keywords": null,
        "url": "https://www.sciencedirect.com/science/article/pii/S0264999317314153"
    },
    {
        "title": "initial condition privatisation cause corruption",
        "authors": "Andrzej Cieślik, Łukasz Goczek",
        "year": "2018/1/2",
        "abstract": "article investigates economic determinant corruption country conduct empirical verification two research hypothesis using ebrd world bank 27 economy period first hypothesis suggests corruption rooted communist past country embraced communist institution social norm well structural factor broadly defined initial condition second hypothesis flawed transition process led corruption increase politics business never separated elite pushed measure preserved status obstructing reform policy might endanger interest empirical result demonstrate hypothesis valid limited extent revealing complex view reform initial condition corruption",
        "keywords": null,
        "url": "https://www.tandfonline.com/doi/abs/10.1080/14631377.2017.1361693"
    },
    {
        "title": "loan loss provision financial crisis ukraine",
        "authors": "Łukasz Goczek, Natasha Malyarenko",
        "year": "2015/10/2",
        "abstract": "article investigates determinant impaired loan ukrainian banking sector using bank balance sheet micro level case ukraine exceptionally interesting particularly severe contagion global financial crisis turned prolonged economic crisis resulting large loan loss provision seems however macroeconomic variable loan quality bank uniformly affected crisis seems bank specialise loan particularly affected deteriorating asset quality author estimation result based dynamic panel regression method unique dataset ukrainian bank quarterly frequency 2005 2013 avoid problem associated using sample bankscope database",
        "keywords": null,
        "url": "https://www.tandfonline.com/doi/abs/10.1080/14631377.2015.1084717"
    },
    {
        "title": "suffers much corruption evidence",
        "authors": "Andrzej Cieślik, Łukasz Goczek",
        "year": "2022/9",
        "abstract": "article determinant corruption using sample company 144 country period analyze two variable related corruption perception corruption obstacle business using ordinal logit actual bribe tax payment using fractional logit controlling factor set empirical result show extent corruption related time spent dealing regulation inspection argue firm spend time dealing administrative procedure greater perception corruption forced make significantly higher bribe payment therefore successful fight corruption essential simplify administrative procedure reducing number eliminating direct contact firm official",
        "keywords": null,
        "url": "https://link.springer.com/article/10.1007/s40821-021-00185-x"
    },
    {
        "title": "ready euro empirical actual monetary policy independence poland",
        "authors": "Łukasz Goczek, Dagmara Mycielska",
        "year": "2013",
        "abstract": "aim article examine actual degree polish monetary policy independence context joining eurozone frequently argued main cost participation emu common currency area loss monetary policy independence contrast raise question actual possibility policy small open economy operating within highly liberalized capital flow highly integrated financial market like poland confirmation hypothesis concerning incomplete actual monetary independence essential cost polish accession emu main hypothesis article verified using vector mechanism several parametric hypothesis concerning speed asymmetry adjustment",
        "keywords": null,
        "url": "http://www.wne.uw.edu.pl/inf/wyd/WP/WNE_WP98.pdf"
    },
    {
        "title": "effectiveness strategy cause corruption",
        "authors": "Ł Goczek",
        "year": "2007",
        "abstract": null,
        "keywords": null,
        "url": "https://scholar.google.com/scholar?cluster=8746676629444348958&hl=en&oi=scholarr"
    },
    {
        "title": "education quality affect economic growth sustainability 13 11 6437",
        "authors": "L Goczek, E Witkowska, B Witkowski",
        "year": "2021",
        "abstract": null,
        "keywords": null,
        "url": "https://scholar.google.com/scholar?cluster=16763363826145335378&hl=en&oi=scholarr"
    }
]