[
    {
        "title": "csr disclosure company light directive requirement empirical evidence",
        "authors": "Łukasz Matuszak, Ewa Różańska",
        "year": "2017/12/12",
        "abstract": "15 december 2016 new reporting requirement implemented polish accounting act paa would enforced 1 january act resulted transposition directive new requirement oblige certain group entity disclose information environmental social matter respect human right bribery matter purpose firstly analysis new reporting requirement implemented paa created transposition directive secondly investigates current extent quality corporate social responsibility csr reporting company listed warsaw stock exchange wse compliance new requirement sample comprises 150 selected listed company wse collected annual report separate csr report company website content rating scale used measure level csr disclosure result show company prefer annual report communicate voluntary csr disclosure majority case csr disclosure company compliant new requirement company placed little emphasis reporting human right suggests new reporting obligation increase extent quality disclosure among polish listed company",
        "keywords": null,
        "url": "https://www.mdpi.com/2071-1050/9/12/2304"
    },
    {
        "title": "impact corporate governance characteristic bank corporate social responsibility disclosure evidence poland",
        "authors": "Łukasz Matuszak, Ewa Różańska, Małgorzata Macuda",
        "year": "2019/3/18",
        "abstract": "purpose purpose investigate extent trend corporate social responsibility csr reporting commercial bank poland examine link corporate governance characteristic namely size bank ownership board size board diversity csr disclosure bank annual report csr report bank examined 2008 2015 using content panel finding result indicate bank improved csr reporting practice examined period statistically significant difference level csr disclosure bank different ownership structure foreign majority shareholder group well state majority shareholder group positive influence csr compared polish majority shareholder pm group excluding state",
        "keywords": null,
        "url": "https://www.emerald.com/insight/content/doi/10.1108/JAEE-04-2017-0040/full/html"
    },
    {
        "title": "examination relationship csr disclosure financial performance case polish bank",
        "authors": "Łukasz Matuszak, Ewa Różańska",
        "year": "2017",
        "abstract": "purpose twofold first investigates trend corporate social responsibility csr reporting financial performance fp commercial bank poland second examines impact csr disclosure bank financial performance roa roe nim sample consists 18 bank annual report period 8 year 2008 2015 hand collected obtained notoria servis database content used measure level csr disclosure panel employed examine relationship software gretl two key finding 1 positive relationship bank csr disclosure profitability measured roa roe however relationship bank csr disclosure nim negative statistical report significant csr activity",
        "keywords": null,
        "url": "https://www.ceeol.com/search/article-detail?id=595927"
    },
    {
        "title": "towards directive compliance case poland",
        "authors": "Łukasz Matuszak, Ewa Różańska",
        "year": "2021/8/26",
        "abstract": "purpose aim investigate difference extent disclosure nfd across company listed warsaw stock exchange period surrounding implementation directive sample comprising 134 selected company content disclosure index used measure level nfd reporting practice two year 2015 one year 2017 implementation directive compared finding result highlight already high level compliance european union regulation extent nfd across different thematic aspect reporting medium increased significantly 2015 2017 particular human right directive largest impact firm previously low level nfd led",
        "keywords": null,
        "url": "https://www.emerald.com/insight/content/doi/10.1108/SAMPJ-02-2020-0042/full/html"
    },
    {
        "title": "concept csr accounting theory practice poland empirical",
        "authors": "Małgorzata Macuda, Łukasz Matuszak, Ewa Różańska",
        "year": "2015/7/1",
        "abstract": "purpose right issue corporate social responsibility csr lie within scope interest various field social science practice including science practice accounting numerous research work stress accounting particularly term corporate reporting closely connected concept csr number study concerning especially csr reporting increased recent year world poland csr reporting new field yet covered many current research paper main purpose work present concept csr theory practice accounting research comprises literature review content literature review conducted first part work devoted presentation idea corporate social responsibility context accounting",
        "keywords": null,
        "url": "https://www.ceeol.com/search/article-detail?id=298445"
    },
    {
        "title": "online corporate social responsibility csr disclosure banking industry evidence poland",
        "authors": "Łukasz Matuszak, Ewa Różańska",
        "year": "2020/10/20",
        "abstract": "purpose based set complementary theory namely legitimacy stakeholder signaling theory purpose investigate visibility corporate social responsibility csr disclosure bank website particular explored accessibility placement reporting format extent content online csr information also examined size listed ownership structure internationalization bank online csr reporting sample consisting 20 bank used manually collected website various bank fourth quarter three reporting format explored information posted directly website information contained separate csr report information within management commentary annual report integrated report content used",
        "keywords": null,
        "url": "https://www.emerald.com/insight/content/doi/10.1108/SRJ-11-2018-0303/full/html"
    },
    {
        "title": "disaggregated approach studying impact csr accounting profitability evidence polish banking industry",
        "authors": "Łukasz Matuszak, Ewa Różańska",
        "year": "2019/1/1",
        "abstract": "corporate social responsibility csr extensively promoted european union highly desired stakeholder however manager point view question whether corporation conduct csr activity controversial accompanying high cost uncertain benefit vast empirical literature appears rather inconclusive respect question whether csr business engagement creates destroys financial performance fp suggests inconsistent finding may due use aggregated csr measure linear approach well omission industry country context thus purpose provide updated assessment relationship csr fp based content developed four individual csr disclosure index corresponding environmental human resource product customer community involvement dimension instead overall csr composite score examined impact measure applied linear approach poland banking industry period provided background result confirm existence relationship human resource fp relationship fp community involvement fp product customer contributes csr literature providing new insight relationship csr dimension fp also offer policy suggestion bank",
        "keywords": null,
        "url": "https://www.mdpi.com/2071-1050/11/1/183"
    },
    {
        "title": "reporting corporate social responsibility csr using tool corporate legitimization",
        "authors": "Łukasz Matuszak",
        "year": "2015",
        "abstract": "principal aim article present theory legitimacy application csr reporting legitimacy theory used worldwide scientific research field accounting however yet well known poland first part article present legitimacy theory background systemically oriented theory indicated legitimacy theory core systemic viewpoint company remainder article present definition form type legitimacy well strategy obtaining maintaining rebuilding lost legitimacy addition theoretical discussion article present result research csr reporting regard legitimacy theory",
        "keywords": null,
        "url": "https://bazawiedzy.ue.poznan.pl/info/article/UEPa0536751bd014961b2d6ec394b1ff21c/?ps=20&lang=pl&pn=1&cid=18183"
    },
    {
        "title": "csr disclosure company light directive requirement empirical evidence sustainability 9 2304",
        "authors": "Ł Matuszak, E Różańska",
        "year": "2017",
        "abstract": null,
        "keywords": null,
        "url": "https://scholar.google.com/scholar?cluster=5094477401556377009&hl=en&oi=scholarr"
    },
    {
        "title": "valuation financial statement component implementation true fair view regulation",
        "authors": "Łukasz Matuszak",
        "year": "2013",
        "abstract": "contemporary market economy dynamic globalization process mainly result deepening international cooperation significant development observed area international financial market key instrument enabling process information derived accounting presented financial statement serving language business consequently issue usefulness informational function accounting come forefront accounting currently perceived primary source information economic future enterprise fundamental task provide quantitative description profit stream asset size capital gmytrasiewicz 2006 87 usefulness informational function focused informational need investor",
        "keywords": null,
        "url": "https://www.ceeol.com/search/article-detail?id=190982"
    },
    {
        "title": "csr disclosure listed state future perspective",
        "authors": "Łukasz Matuszak, Ewa Różańska",
        "year": "2017",
        "abstract": "purpose twofold first briefly analyzes new non financial reporting requirement implemented polish accounting act second investigates current state csr reporting commercial bank listed warsaw stock exchange connection new requirement sample consists 12 bank collected december 2016 covering three communication channel annual report including management commentary separate csr report pdf file information company web site content likert scale used measure level csr disclosure five category namely environment labor practice human right community involvement disclosure business also examined result show bank prefer annual report rather csr report website communicate voluntary csr disclosure case disclosure area community involvement environment labor practice already met requirement amended polish accounting act level reporting area human right fight corruption insufficient new regulation",
        "keywords": null,
        "url": "https://cejsh.icm.edu.pl/cejsh/element/bwmeta1.element.desklight-447469aa-cc92-4190-af71-07464e25997e"
    },
    {
        "title": "valuation reliability comparability financial statement",
        "authors": "Łukasz Matuszak",
        "year": "2012",
        "abstract": "contemporary market economy increasing pace globalization process economy facilitated ease capital good service labor flow largely result intensification international cooperation significant development observed area financial market international scale process associated increasing management risk international scale go beyond boundary enterprise given country risk uncertainty become fundamental feature contemporary competitive environment therefore ability predict future assess one potential possibility becomes essential requires creation appropriate information system individual enterprise form basis management control information fact key element economy determines success information form basis elevate corporation height global business information also destroy",
        "keywords": null,
        "url": "http://www.wbc.poznan.pl/Content/221563/Matuszak%20%C5%81ukasz.pdf"
    },
    {
        "title": "integrated reporting become new reporting enterprise",
        "authors": "Łukasz Matuszak",
        "year": "2016",
        "abstract": "contemporary economic practice change reporting enterprise towards integrated reporting observed dynamic change significantly strengthened publication december 2013 international integrated reporting committee iirc integrated reporting framework ir aim assist enterprise preparing integrated report reason change diverse multidimensional important considered corporate social responsibility expressed disclosing impact broadly understood stakeholder society ongoing change enterprise reporting remain without impact science accounting particularly one subsystem reporting therefore aim article examine whether integrated reporting become new reporting enterprise article us method critical literature document synthesis method formulating conclusion important conclusion consideration indication necessity development integrated reporting framework extent provides enterprise precise guideline regarding level detail disclosure connection element report well indicating principle creating system measuring information",
        "keywords": null,
        "url": "https://bibliotekanauki.pl/articles/593528.pdf"
    },
    {
        "title": "valuation financial statement implementation concept corporate social responsibility social responsibility accounting theory practice",
        "authors": "Ł Matuszak",
        "year": "2013",
        "abstract": null,
        "keywords": null,
        "url": "https://scholar.google.com/scholar?cluster=11328168416685843569&hl=en&oi=scholarr"
    },
    {
        "title": "csr disclosure company light directive requirement empirical evidence sustainability 2017 9 12",
        "authors": "Ł Matuszak, E Rózańska",
        "year": "2017",
        "abstract": null,
        "keywords": null,
        "url": "https://scholar.google.com/scholar?cluster=8086815609988020203&hl=en&oi=scholarr"
    },
    {
        "title": "disclosure csr example company listed warsaw stock exchange remlein ed",
        "authors": "M Macuda, Ł Matuszak, E Różańska",
        "year": "2015",
        "abstract": null,
        "keywords": null,
        "url": "https://scholar.google.com/scholar?cluster=15944491168504340173&hl=en&oi=scholarr"
    },
    {
        "title": "dilemma implementing international integrated reporting framework",
        "authors": "Łukasz Matuszak",
        "year": "2014",
        "abstract": "globalization process make current financial reporting unable completely faithfully present entirety company activity well socially responsible dimension activity lead expansion scope traditional corporate reporting include environmental social corporate governance aspect creates need integrated reporting december 2013 international integrated reporting framework published aim attempt identify specify main dilemma associated implementation international integrated reporting framework defines among thing direction change corporate reporting resulting need implementation iirf original abstract",
        "keywords": null,
        "url": "https://scholar.google.com/scholar?cluster=18019130015592113636&hl=en&oi=scholarr"
    },
    {
        "title": "r nska",
        "authors": "Ł Matuszak",
        "year": "2017",
        "abstract": null,
        "keywords": null,
        "url": "https://scholar.google.com/scholar?cluster=17958858375810468592&hl=en&oi=scholarr"
    },
    {
        "title": "role activity report socially responsible enterprise",
        "authors": "Łukasz Matuszak",
        "year": "2015",
        "abstract": "currently concept csr corporate social responsibility gaining importance concept impact economic activity enterprise society becomes popular among wide range stakeholder company expect company supply information socially responsible business current financial reporting able complete faithful way present overall activity company including socially responsible dimension business cause expansion scope current corporate reporting environmental social corporate governance need consider form reporting company reporting system one form possible use purpose seems management commentary therefore aim examine information",
        "keywords": null,
        "url": "https://www.ceeol.com/search/article-detail?id=294547"
    },
    {
        "title": "fundamental accounting theory practice",
        "authors": "Aldona Kamela-Sowińska, Helena Poetschke, Marek Masztalerz, Maria Kiedrowska, Elżbieta Izabela Szczepankiewicz, Magdalena Kowalczyk, Łukasz Matuszak, Ewa Różańska, Marzena Remlein, Piotr Gut, Agnieszka Piechocka-Kałużna, Remigiusz Napiecek, Małgorzata Czerny, Dawid Garstecki, Marek Cieślak, Joanna Błażyńska, Małgorzata Macuda, Wojciech Fliegner",
        "year": "2018",
        "abstract": null,
        "keywords": null,
        "url": "https://scholar.google.com/scholar?cluster=16299300489185679480&hl=en&oi=scholarr"
    }
]